article_id,published_at_jst,title,url,live_status,inventory_as_of_jst,primary_theme,theme_status,primary_role,secondary_roles,role_status,search_intent,search_intent_status,source_strength,source_strength_status,observed_cta_types,recommended_primary_cta_candidate,official_web_connection,consultation_connection,line_connection,reservation_connection,internal_out_count,internal_in_count,one_way_out_count,isolated_graph,path_to_official_web,path_to_consultation,path_to_line,path_to_reservation,reachable_sink_types,brand_flags,old_line_flag,lifekarte_direct_flag,internal_utm_violation_count,official_utm_violation_count,ambiguous_anchor_count,case_fact_status,customer_reaction_status,note_seen,note_decisive,new_visit_involvement,search_exposure,discovery_value,understanding_value,decision_value,learning_value,ai_structure_coverage,ai_structure_missing,content_currentness,staleness_status,priority_score,priority_band,priority_reasons,human_review_required,legacy_registry_source
n857bdffbf113,2026-03-02T11:14:17.000+09:00,白髪を染めても、すぐ根元が気になる方へ｜暗く染める・明るくする・白髪ぼかしをどう考えるか,https://note.com/koichi_ikeda/n/n857bdffbf113,PUBLIC,2026-09-16,CEP2_GRAY_HAIR_NOT_DARK,TITLE_RULE,A_ENTRY,D_BRIDGE,LEGACY_REGISTRY,白髪を染めても、すぐ根元が気になる方へ｜暗く染める・明るくする・白髪ぼかしをどう考えるか,TITLE_PROXY,D_GENERAL_EXPLANATION,ARTICLE_TEXT_OPERATIONAL_CLASSIFICATION,LINE;NOTE_ARTICLE,RELATED_JUDGMENT_ARTICLE,NO,NO,YES,NO,3,1,3,NO,NO,YES,YES,YES,CONSULTATION;LINE;RESERVATION,NONE,YES,NO,3,0,0,UNKNOWN,UNKNOWN,UNKNOWN,UNKNOWN,UNKNOWN,UNKNOWN,UNKNOWN,POTENTIAL,UNKNOWN,UNKNOWN,AUDIENCE;CHECKS;CONCERN;JUDGMENT_BRANCH;NEXT_STEP;NOT_DO,ACTUAL_CASE,PUBLIC_SNAPSHOT_ONLY,UNKNOWN,40,P1_CANDIDATE,OLD_LINE;INTERNAL_UTM,YES,ikeda-official-web/note_article_registry_2026-09-13.csv
n27c3d56b341b,2026-03-02T14:56:05.000+09:00,髪型を決めてから来なくても大丈夫です｜美容師 池田航一が大切にしていること,https://note.com/koichi_ikeda/n/n27c3d56b341b,PUBLIC,2026-09-16,CEP1_CHANGE_WITHOUT_FAILURE,LEGACY_REGISTRY,A_ENTRY,D_BRIDGE,LEGACY_REGISTRY,髪型を決めてから来なくても大丈夫です｜美容師 池田航一が大切にしていること,TITLE_PROXY,D_GENERAL_EXPLANATION,ARTICLE_TEXT_OPERATIONAL_CLASSIFICATION,CONSULTATION;NOTE_ARTICLE,RELATED_JUDGMENT_ARTICLE,NO,YES,NO,NO,2,1,2,NO,NO,YES,YES,YES,CONSULTATION;LINE;RESERVATION,NONE,NO,NO,0,0,0,UNKNOWN,UNKNOWN,UNKNOWN,UNKNOWN,UNKNOWN,UNKNOWN,UNKNOWN,POTENTIAL,UNKNOWN,UNKNOWN,AUDIENCE;CHECKS;CONCERN;JUDGMENT_BRANCH;NEXT_STEP;NOT_DO,ACTUAL_CASE,PUBLIC_SNAPSHOT_ONLY,UNKNOWN,,OBSERVE,NONE,YES,ikeda-official-web/note_article_registry_2026-09-13.csv
ne5cd7acfddda,2026-03-02T19:01:59.000+09:00,三田市・SARAJU三田店 美容師 池田航一｜メニュー・料金・場所・予約方法,https://note.com/koichi_ikeda/n/ne5cd7acfddda,PUBLIC,2026-09-16,CROSS_THEME_BRIDGE,LEGACY_REGISTRY,D_BRIDGE,A_ENTRY,LEGACY_REGISTRY,三田市・SARAJU三田店 美容師 池田航一｜メニュー・料金・場所・予約方法,TITLE_PROXY,D_GENERAL_EXPLANATION,ARTICLE_TEXT_OPERATIONAL_CLASSIFICATION,EXTERNAL;LINE;NOTE_ARTICLE;RESERVATION,PRECONSULT?utm_source=note&utm_medium=article&utm_campaign=preconsult_bridge,NO,NO,YES,YES,1,24,,NO,NO,YES,YES,YES,CONSULTATION;LINE;RESERVATION,NONE,NO,NO,0,0,0,UNKNOWN,UNKNOWN,UNKNOWN,UNKNOWN,UNKNOWN,UNKNOWN,UNKNOWN,POTENTIAL,POTENTIAL,UNKNOWN,AUDIENCE;CHECKS;CONCERN;JUDGMENT_BRANCH;NEXT_STEP,ACTUAL_CASE;NOT_DO,PUBLIC_SNAPSHOT_ONLY,UNKNOWN,,OBSERVE,NONE,YES,ikeda-official-web/note_article_registry_2026-09-13.csv
n7abf88d82b87,2026-03-02T19:35:24.000+09:00,白髪染めを続けて髪が重く・暗く見える方へ｜白髪染めをやめる前に確認したいこと,https://note.com/koichi_ikeda/n/n7abf88d82b87,PUBLIC,2026-09-16,CEP2_GRAY_HAIR_NOT_DARK,TITLE_RULE,B_JUDGMENT,A_ENTRY;D_BRIDGE,LEGACY_REGISTRY,白髪染めを続けて髪が重く・暗く見える方へ｜白髪染めをやめる前に確認したいこと,TITLE_PROXY,B_PROFESSIONAL_JUDGMENT,ARTICLE_TEXT_OPERATIONAL_CLASSIFICATION,EXTERNAL;LINE;NOTE_ARTICLE,RELATED_CASE_OR_PRECONSULT,NO,NO,YES,NO,3,9,2,NO,NO,YES,YES,YES,CONSULTATION;LINE;RESERVATION,NONE,YES,NO,0,0,0,UNKNOWN,UNKNOWN,UNKNOWN,UNKNOWN,UNKNOWN,UNKNOWN,UNKNOWN,SUPPORTED,POTENTIAL,UNKNOWN,AUDIENCE;CHECKS;CONCERN;JUDGMENT_BRANCH;NEXT_STEP;NOT_DO,ACTUAL_CASE,PUBLIC_SNAPSHOT_ONLY,UNKNOWN,25,P2_CANDIDATE,OLD_LINE,YES,ikeda-official-web/note_article_registry_2026-09-13.csv
nfdc25e93418f,2026-03-03T07:05:06.000+09:00,三田市で艶のあるカラーを考えている方へ｜髪がパサついて見える時、カラーで変えられること・変えにくいこと,https://note.com/koichi_ikeda/n/nfdc25e93418f,PUBLIC,2026-09-16,CEP6_COLOR_DECISION_CANDIDATE,TITLE_RULE_HUMAN_REVIEW,A_ENTRY,NONE,LEGACY_REGISTRY,三田市で艶のあるカラーを考えている方へ｜髪がパサついて見える時、カラーで変えられること・変えにくいこと,TITLE_PROXY,D_GENERAL_EXPLANATION,ARTICLE_TEXT_OPERATIONAL_CLASSIFICATION,NOTE_ARTICLE,RELATED_JUDGMENT_ARTICLE,NO,NO,NO,NO,4,5,4,NO,NO,YES,YES,YES,CONSULTATION;LINE;RESERVATION,NONE,NO,NO,4,0,0,UNKNOWN,UNKNOWN,UNKNOWN,UNKNOWN,UNKNOWN,UNKNOWN,UNKNOWN,POTENTIAL,UNKNOWN,UNKNOWN,AUDIENCE;CHECKS;CONCERN;JUDGMENT_BRANCH;NEXT_STEP;NOT_DO,ACTUAL_CASE,PUBLIC_SNAPSHOT_ONLY,UNKNOWN,15,P2_CANDIDATE,INTERNAL_UTM,YES,ikeda-official-web/note_article_registry_2026-09-13.csv
nf29ebc26bd76,2026-03-04T06:43:35.000+09:00,春になると髪がパサつく・ゴワつく方へ｜「花粉のせい」と決める前に確認したいこと,https://note.com/koichi_ikeda/n/nf29ebc26bd76,PUBLIC,2026-09-16,CEP3_FRIZZ_DECISION,LEGACY_REGISTRY,B_JUDGMENT,A_ENTRY,LEGACY_REGISTRY,春になると髪がパサつく・ゴワつく方へ｜「花粉のせい」と決める前に確認したいこと,TITLE_PROXY,B_PROFESSIONAL_JUDGMENT,ARTICLE_TEXT_OPERATIONAL_CLASSIFICATION,NOTE_ARTICLE,RELATED_CASE_OR_PRECONSULT,NO,NO,NO,NO,4,,4,NO,NO,YES,YES,YES,CONSULTATION;LINE;RESERVATION,NONE,NO,NO,4,0,0,UNKNOWN,UNKNOWN,UNKNOWN,UNKNOWN,UNKNOWN,UNKNOWN,UNKNOWN,SUPPORTED,POTENTIAL,UNKNOWN,AUDIENCE;CHECKS;CONCERN;JUDGMENT_BRANCH;NEXT_STEP;NOT_DO,ACTUAL_CASE,PUBLIC_SNAPSHOT_ONLY,UNKNOWN,15,P2_CANDIDATE,INTERNAL_UTM,YES,ikeda-official-web/note_article_registry_2026-09-13.csv
n820d578c951d,2026-03-05T09:34:45.000+09:00,三田市でトップがぺたんこに見える方へ｜レイヤーを入れる前に確認したいこと,https://note.com/koichi_ikeda/n/n820d578c951d,PUBLIC,2026-09-16,CEP5_LIGHT_NOT_THIN,TITLE_RULE,B_JUDGMENT,A_ENTRY,LEGACY_REGISTRY,三田市でトップがぺたんこに見える方へ｜レイヤーを入れる前に確認したいこと,TITLE_PROXY,B_PROFESSIONAL_JUDGMENT,ARTICLE_TEXT_OPERATIONAL_CLASSIFICATION,NOTE_ARTICLE,RELATED_CASE_OR_PRECONSULT,NO,NO,NO,NO,4,3,4,NO,NO,YES,YES,YES,CONSULTATION;LINE;RESERVATION,AGE_ANXIETY:若見え,NO,NO,4,0,0,UNKNOWN,UNKNOWN,UNKNOWN,UNKNOWN,UNKNOWN,UNKNOWN,UNKNOWN,SUPPORTED,POTENTIAL,UNKNOWN,AUDIENCE;CHECKS;CONCERN;JUDGMENT_BRANCH;NEXT_STEP;NOT_DO,ACTUAL_CASE,PUBLIC_SNAPSHOT_ONLY,UNKNOWN,35,P1_CANDIDATE,BRAND_REVIEW;INTERNAL_UTM,YES,ikeda-official-web/note_article_registry_2026-09-13.csv
n26cb6103892a,2026-03-06T06:56:23.000+09:00,【三田市】「白髪＝ロング卒業」はもう古い？40代から始める、艶髪ロング継続の条件,https://note.com/koichi_ikeda/n/n26cb6103892a,PUBLIC,2026-09-16,CEP2_GRAY_HAIR_NOT_DARK,TITLE_RULE,A_ENTRY,NONE,LEGACY_REGISTRY,【三田市】「白髪＝ロング卒業」はもう古い？40代から始める、艶髪ロング継続の条件,TITLE_PROXY,D_GENERAL_EXPLANATION,ARTICLE_TEXT_OPERATIONAL_CLASSIFICATION,NOTE_ARTICLE,RELATED_JUDGMENT_ARTICLE,NO,NO,NO,NO,7,1,7,NO,NO,YES,YES,YES,CONSULTATION;LINE;RESERVATION,AGE_ANXIETY:若見え;OVERCLAIM:必ず,NO,NO,7,0,0,UNKNOWN,UNKNOWN,UNKNOWN,UNKNOWN,UNKNOWN,UNKNOWN,UNKNOWN,POTENTIAL,UNKNOWN,UNKNOWN,AUDIENCE;CHECKS;CONCERN;JUDGMENT_BRANCH;NEXT_STEP;NOT_DO,ACTUAL_CASE,PUBLIC_SNAPSHOT_ONLY,UNKNOWN,35,P1_CANDIDATE,BRAND_REVIEW;INTERNAL_UTM,YES,ikeda-official-web/note_article_registry_2026-09-13.csv
nff5536b5d028,2026-03-07T07:32:59.000+09:00,三田市でミディアムレイヤーを考えている方へ｜結べる長さと毛先の厚みを残して変える考え方,https://note.com/koichi_ikeda/n/nff5536b5d028,PUBLIC,2026-09-16,CEP5_LIGHT_NOT_THIN,TITLE_RULE,A_ENTRY,D_BRIDGE,LEGACY_REGISTRY,三田市でミディアムレイヤーを考えている方へ｜結べる長さと毛先の厚みを残して変える考え方,TITLE_PROXY,D_GENERAL_EXPLANATION,ARTICLE_TEXT_OPERATIONAL_CLASSIFICATION,EXTERNAL;LINE;NOTE_ARTICLE,RELATED_JUDGMENT_ARTICLE,NO,NO,YES,NO,4,5,3,NO,NO,YES,YES,YES,CONSULTATION;LINE;RESERVATION,AGE_ANXIETY:老け(?:て)?見え;OVERCLAIM:必ず,YES,NO,0,0,0,UNKNOWN,UNKNOWN,UNKNOWN,UNKNOWN,UNKNOWN,CONFIRMED,CONFIRMED,POTENTIAL,UNKNOWN,UNKNOWN,AUDIENCE;CHECKS;CONCERN;JUDGMENT_BRANCH;NEXT_STEP;NOT_DO,ACTUAL_CASE,PUBLIC_SNAPSHOT_ONLY,UNKNOWN,45,P1_CANDIDATE,OLD_LINE;BRAND_REVIEW,YES,ikeda-official-web/note_article_registry_2026-09-13.csv
n8ee093a81681,2026-03-08T08:03:27.000+09:00,【三田市】「なぜ私のロングは重たく見えるの？」5つの原因と、長さを変えずにできること,https://note.com/koichi_ikeda/n/n8ee093a81681,PUBLIC,2026-09-16,CEP1_CHANGE_WITHOUT_FAILURE,TITLE_RULE,B_JUDGMENT,A_ENTRY,LEGACY_REGISTRY,【三田市】「なぜ私のロングは重たく見えるの？」5つの原因と、長さを変えずにできること,TITLE_PROXY,B_PROFESSIONAL_JUDGMENT,ARTICLE_TEXT_OPERATIONAL_CLASSIFICATION,NOTE_ARTICLE,RELATED_CASE_OR_PRECONSULT,NO,NO,NO,NO,12,,12,NO,NO,YES,YES,YES,CONSULTATION;LINE;RESERVATION,AGE_ANXIETY:若見え,NO,NO,12,0,0,UNKNOWN,UNKNOWN,UNKNOWN,UNKNOWN,UNKNOWN,UNKNOWN,UNKNOWN,SUPPORTED,POTENTIAL,UNKNOWN,AUDIENCE;CHECKS;CONCERN;JUDGMENT_BRANCH;NEXT_STEP;NOT_DO,ACTUAL_CASE,PUBLIC_SNAPSHOT_ONLY,UNKNOWN,35,P1_CANDIDATE,BRAND_REVIEW;INTERNAL_UTM,YES,ikeda-official-web/note_article_registry_2026-09-13.csv
nac40e158ff77,2026-03-09T07:19:14.000+09:00,40代・50代でレイヤーが「若作りに見えないか」不安な方へ｜入れる前に確認したいこと,https://note.com/koichi_ikeda/n/nac40e158ff77,PUBLIC,2026-09-16,CEP5_LIGHT_NOT_THIN,TITLE_RULE,B_JUDGMENT,A_ENTRY,LEGACY_REGISTRY,40代・50代でレイヤーが「若作りに見えないか」不安な方へ｜入れる前に確認したいこと,TITLE_PROXY,B_PROFESSIONAL_JUDGMENT,ARTICLE_TEXT_OPERATIONAL_CLASSIFICATION,NOTE_ARTICLE,RELATED_CASE_OR_PRECONSULT,NO,NO,NO,NO,3,,3,NO,NO,YES,YES,YES,CONSULTATION;LINE;RESERVATION,AGE_ANXIETY:若見え,NO,NO,3,0,0,UNKNOWN,UNKNOWN,UNKNOWN,UNKNOWN,UNKNOWN,UNKNOWN,UNKNOWN,SUPPORTED,POTENTIAL,UNKNOWN,AUDIENCE;CHECKS;CONCERN;JUDGMENT_BRANCH;NEXT_STEP;NOT_DO,ACTUAL_CASE,PUBLIC_SNAPSHOT_ONLY,UNKNOWN,35,P1_CANDIDATE,BRAND_REVIEW;INTERNAL_UTM,YES,ikeda-official-web/note_article_registry_2026-09-13.csv
n1a8cc1194751,2026-03-10T06:52:50.000+09:00,三田市でくびれロングを考えている方へ｜レイヤーを入れる前に確認したいこと,https://note.com/koichi_ikeda/n/n1a8cc1194751,PUBLIC,2026-09-16,CEP5_LIGHT_NOT_THIN,TITLE_RULE,B_JUDGMENT,A_ENTRY,LEGACY_REGISTRY,三田市でくびれロングを考えている方へ｜レイヤーを入れる前に確認したいこと,TITLE_PROXY,B_PROFESSIONAL_JUDGMENT,ARTICLE_TEXT_OPERATIONAL_CLASSIFICATION,NOTE_ARTICLE,RELATED_CASE_OR_PRECONSULT,NO,NO,NO,NO,5,,5,NO,NO,YES,YES,YES,CONSULTATION;LINE;RESERVATION,AGE_ANXIETY:若見え,NO,NO,5,0,0,UNKNOWN,UNKNOWN,UNKNOWN,UNKNOWN,UNKNOWN,UNKNOWN,UNKNOWN,SUPPORTED,POTENTIAL,UNKNOWN,AUDIENCE;CHECKS;CONCERN;JUDGMENT_BRANCH;NEXT_STEP;NOT_DO,ACTUAL_CASE,PUBLIC_SNAPSHOT_ONLY,UNKNOWN,35,P1_CANDIDATE,BRAND_REVIEW;INTERNAL_UTM,YES,ikeda-official-web/note_article_registry_2026-09-13.csv
nadbc274ac777,2026-03-11T07:27:13.000+09:00,三田市で髪が重く・パサついて見える方へ｜カットとカラー、どちらを先に変える？,https://note.com/koichi_ikeda/n/nadbc274ac777,PUBLIC,2026-09-16,CEP6_COLOR_DECISION_CANDIDATE,TITLE_RULE_HUMAN_REVIEW,A_ENTRY,NONE,LEGACY_REGISTRY,三田市で髪が重く・パサついて見える方へ｜カットとカラー、どちらを先に変える？,TITLE_PROXY,D_GENERAL_EXPLANATION,ARTICLE_TEXT_OPERATIONAL_CLASSIFICATION,NOTE_ARTICLE,RELATED_JUDGMENT_ARTICLE,NO,NO,NO,NO,4,3,4,NO,NO,YES,YES,YES,CONSULTATION;LINE;RESERVATION,OVERCLAIM:必ず,NO,NO,4,0,0,UNKNOWN,UNKNOWN,UNKNOWN,UNKNOWN,UNKNOWN,UNKNOWN,UNKNOWN,POTENTIAL,UNKNOWN,UNKNOWN,AUDIENCE;CHECKS;CONCERN;JUDGMENT_BRANCH;NEXT_STEP;NOT_DO,ACTUAL_CASE,PUBLIC_SNAPSHOT_ONLY,UNKNOWN,35,P1_CANDIDATE,BRAND_REVIEW;INTERNAL_UTM,YES,ikeda-official-web/note_article_registry_2026-09-13.csv
nb3c7b330fdad,2026-03-12T18:20:11.000+09:00,レイヤーが似合うか不安な方へ｜顔型だけで決めずに確認していること,https://note.com/koichi_ikeda/n/nb3c7b330fdad,PUBLIC,2026-09-16,CEP5_LIGHT_NOT_THIN,TITLE_RULE,B_JUDGMENT,A_ENTRY,LEGACY_REGISTRY,レイヤーが似合うか不安な方へ｜顔型だけで決めずに確認していること,TITLE_PROXY,B_PROFESSIONAL_JUDGMENT,ARTICLE_TEXT_OPERATIONAL_CLASSIFICATION,NOTE_ARTICLE,RELATED_CASE_OR_PRECONSULT,NO,NO,NO,NO,3,1,3,NO,NO,YES,YES,YES,CONSULTATION;LINE;RESERVATION,AGE_ANXIETY:若見え,NO,NO,3,0,0,UNKNOWN,UNKNOWN,UNKNOWN,UNKNOWN,UNKNOWN,UNKNOWN,UNKNOWN,SUPPORTED,POTENTIAL,UNKNOWN,AUDIENCE;CHECKS;CONCERN;JUDGMENT_BRANCH;NEXT_STEP;NOT_DO,ACTUAL_CASE,PUBLIC_SNAPSHOT_ONLY,UNKNOWN,35,P1_CANDIDATE,BRAND_REVIEW;INTERNAL_UTM,YES,ikeda-official-web/note_article_registry_2026-09-13.csv
n775b67a5339c,2026-03-13T06:43:49.000+09:00,三田市で髪が広がる・まとまらない方へ｜量を減らす・レイヤー・縮毛矯正の前に確認したいこと,https://note.com/koichi_ikeda/n/n775b67a5339c,PUBLIC,2026-09-16,CEP3_FRIZZ_DECISION,TITLE_RULE,B_JUDGMENT,A_ENTRY;D_BRIDGE,LEGACY_REGISTRY,三田市で髪が広がる・まとまらない方へ｜量を減らす・レイヤー・縮毛矯正の前に確認したいこと,TITLE_PROXY,B_PROFESSIONAL_JUDGMENT,ARTICLE_TEXT_OPERATIONAL_CLASSIFICATION,CONSULTATION;LINE;NOTE_ARTICLE;RESERVATION,RELATED_CASE_OR_PRECONSULT,NO,YES,YES,YES,6,5,5,NO,NO,YES,YES,YES,CONSULTATION;LINE;RESERVATION,OVERCLAIM:必ず,NO,NO,6,0,0,UNKNOWN,UNKNOWN,UNKNOWN,UNKNOWN,UNKNOWN,UNKNOWN,UNKNOWN,SUPPORTED,POTENTIAL,UNKNOWN,AUDIENCE;CHECKS;CONCERN;JUDGMENT_BRANCH;NEXT_STEP;NOT_DO,ACTUAL_CASE,PUBLIC_SNAPSHOT_ONLY,UNKNOWN,35,P1_CANDIDATE,BRAND_REVIEW;INTERNAL_UTM,YES,ikeda-official-web/note_article_registry_2026-09-13.csv
nf2e9b36aa277,2026-03-15T06:48:33.000+09:00,40代のミディアムは「結んでも綺麗」が正解。お疲れ感が出る人と、品が出る人の決定的な差,https://note.com/koichi_ikeda/n/nf2e9b36aa277,PUBLIC,2026-09-16,CEP1_CHANGE_WITHOUT_FAILURE,LEGACY_REGISTRY,B_JUDGMENT,A_ENTRY;D_BRIDGE,LEGACY_REGISTRY,40代のミディアムは「結んでも綺麗」が正解。お疲れ感が出る人と、品が出る人の決定的な差,TITLE_PROXY,B_PROFESSIONAL_JUDGMENT,ARTICLE_TEXT_OPERATIONAL_CLASSIFICATION,EXTERNAL;LINE;NOTE_ARTICLE,RELATED_CASE_OR_PRECONSULT,NO,NO,YES,NO,7,2,5,NO,NO,YES,YES,YES,CONSULTATION;LINE;RESERVATION,AGE_ANXIETY:老け(?:て)?見え;AGE_ANXIETY:若見え,YES,NO,0,0,0,UNKNOWN,UNKNOWN,UNKNOWN,UNKNOWN,UNKNOWN,UNKNOWN,UNKNOWN,SUPPORTED,POTENTIAL,UNKNOWN,AUDIENCE;CHECKS;CONCERN;JUDGMENT_BRANCH;NEXT_STEP;NOT_DO,ACTUAL_CASE,PUBLIC_SNAPSHOT_ONLY,UNKNOWN,45,P1_CANDIDATE,OLD_LINE;BRAND_REVIEW,YES,ikeda-official-web/note_article_registry_2026-09-13.csv
n5ffb8e639541,2026-03-18T06:42:38.000+09:00,40代のミディアム・ロングで雰囲気を変えたい方へ｜長さを切らずに顔まわりを整える考え方,https://note.com/koichi_ikeda/n/n5ffb8e639541,PUBLIC,2026-09-16,CEP1_CHANGE_WITHOUT_FAILURE,TITLE_RULE,A_ENTRY,D_BRIDGE,LEGACY_REGISTRY,40代のミディアム・ロングで雰囲気を変えたい方へ｜長さを切らずに顔まわりを整える考え方,TITLE_PROXY,D_GENERAL_EXPLANATION,ARTICLE_TEXT_OPERATIONAL_CLASSIFICATION,EXTERNAL;LINE;NOTE_ARTICLE,RELATED_JUDGMENT_ARTICLE,NO,NO,YES,NO,5,7,4,NO,NO,YES,YES,YES,CONSULTATION;LINE;RESERVATION,AGE_ANXIETY:老け(?:て)?見え,YES,NO,0,0,0,UNKNOWN,UNKNOWN,UNKNOWN,UNKNOWN,UNKNOWN,UNKNOWN,UNKNOWN,POTENTIAL,UNKNOWN,UNKNOWN,AUDIENCE;CHECKS;CONCERN;JUDGMENT_BRANCH;NEXT_STEP;NOT_DO,ACTUAL_CASE,PUBLIC_SNAPSHOT_ONLY,UNKNOWN,45,P1_CANDIDATE,OLD_LINE;BRAND_REVIEW,YES,ikeda-official-web/note_article_registry_2026-09-13.csv
n3d33767ab824,2026-03-21T07:15:38.000+09:00,三田市で白髪カラーを相談する方へ｜「白髪染め」と決める前に伝えてほしい5つのこと,https://note.com/koichi_ikeda/n/n3d33767ab824,PUBLIC,2026-09-16,CEP2_GRAY_HAIR_NOT_DARK,TITLE_RULE,A_ENTRY,NONE,LEGACY_REGISTRY,三田市で白髪カラーを相談する方へ｜「白髪染め」と決める前に伝えてほしい5つのこと,TITLE_PROXY,D_GENERAL_EXPLANATION,ARTICLE_TEXT_OPERATIONAL_CLASSIFICATION,NOTE_ARTICLE,RELATED_JUDGMENT_ARTICLE,NO,NO,NO,NO,3,1,3,NO,NO,YES,YES,YES,CONSULTATION;LINE;RESERVATION,NONE,NO,NO,0,0,0,UNKNOWN,UNKNOWN,UNKNOWN,UNKNOWN,UNKNOWN,UNKNOWN,UNKNOWN,POTENTIAL,UNKNOWN,UNKNOWN,AUDIENCE;CHECKS;CONCERN;JUDGMENT_BRANCH;NEXT_STEP;NOT_DO,ACTUAL_CASE,PUBLIC_SNAPSHOT_ONLY,UNKNOWN,,OBSERVE,NONE,YES,ikeda-official-web/note_article_registry_2026-09-13.csv
n05d7c58db245,2026-03-22T07:26:28.000+09:00,【三田市】白髪が気になるけれど暗くしたくない方へ｜艶と髪質を整える時に確認したいこと,https://note.com/koichi_ikeda/n/n05d7c58db245,PUBLIC,2026-09-16,CEP2_GRAY_HAIR_NOT_DARK,TITLE_RULE,A_ENTRY,NONE,LEGACY_REGISTRY,【三田市】白髪が気になるけれど暗くしたくない方へ｜艶と髪質を整える時に確認したいこと,TITLE_PROXY,D_GENERAL_EXPLANATION,ARTICLE_TEXT_OPERATIONAL_CLASSIFICATION,NOTE_ARTICLE,RELATED_JUDGMENT_ARTICLE,NO,NO,NO,NO,1,1,1,NO,NO,YES,YES,YES,CONSULTATION;LINE;RESERVATION,NONE,NO,NO,0,0,0,UNKNOWN,UNKNOWN,UNKNOWN,UNKNOWN,UNKNOWN,UNKNOWN,UNKNOWN,POTENTIAL,UNKNOWN,UNKNOWN,AUDIENCE;CHECKS;CONCERN;JUDGMENT_BRANCH;NEXT_STEP;NOT_DO,ACTUAL_CASE,PUBLIC_SNAPSHOT_ONLY,UNKNOWN,,OBSERVE,NONE,YES,ikeda-official-web/note_article_registry_2026-09-13.csv
nbb56aa91d6f3,2026-07-30T18:11:24.000+09:00,三田市でレイヤースタイルを考えている方へ｜広がる・スカスカになるのが不安な時の考え方,https://note.com/koichi_ikeda/n/nbb56aa91d6f3,PUBLIC,2026-09-16,CEP3_FRIZZ_DECISION,TITLE_RULE,A_ENTRY,D_BRIDGE,LEGACY_REGISTRY,三田市でレイヤースタイルを考えている方へ｜広がる・スカスカになるのが不安な時の考え方,TITLE_PROXY,D_GENERAL_EXPLANATION,ARTICLE_TEXT_OPERATIONAL_CLASSIFICATION,EXTERNAL;LINE;NOTE_ARTICLE,RELATED_JUDGMENT_ARTICLE,NO,NO,YES,NO,1,2,1,NO,NO,YES,YES,YES,CONSULTATION;LINE;RESERVATION,NONE,NO,NO,0,0,0,UNKNOWN,UNKNOWN,UNKNOWN,UNKNOWN,UNKNOWN,UNKNOWN,UNKNOWN,POTENTIAL,UNKNOWN,UNKNOWN,AUDIENCE;CHECKS;CONCERN;JUDGMENT_BRANCH;NEXT_STEP,ACTUAL_CASE;NOT_DO,PUBLIC_SNAPSHOT_ONLY,UNKNOWN,,OBSERVE,NONE,YES,ikeda-official-web/note_article_registry_2026-09-13.csv
n65308cfb33d5,2026-07-31T10:33:49.000+09:00,軽くしたのに髪が広がる方へ｜量を減らした後にまとまりにくくなる理由,https://note.com/koichi_ikeda/n/n65308cfb33d5,PUBLIC,2026-09-16,CEP3_FRIZZ_DECISION,TITLE_RULE,A_ENTRY,NONE,LEGACY_REGISTRY,軽くした後になぜ髪が広がるのか原因を理解する,CONFIG_REVIEWED,D_GENERAL_EXPLANATION,ARTICLE_TEXT_OPERATIONAL_CLASSIFICATION,NOTE_ARTICLE,RELATED_JUDGMENT_ARTICLE,NO,NO,NO,NO,4,5,4,NO,NO,YES,YES,YES,CONSULTATION;LINE;RESERVATION,NONE,NO,NO,4,0,0,UNKNOWN,UNKNOWN,UNKNOWN,UNKNOWN,UNKNOWN,CONFIRMED,CONFIRMED,POTENTIAL,UNKNOWN,UNKNOWN,AUDIENCE;CHECKS;CONCERN;JUDGMENT_BRANCH;NEXT_STEP;NOT_DO,ACTUAL_CASE,PUBLIC_SNAPSHOT_ONLY,UNKNOWN,15,P2_CANDIDATE,INTERNAL_UTM,YES,ikeda-official-web/note_article_registry_2026-09-13.csv
n5ae43e607ee7,2026-07-31T11:39:32.000+09:00,三田市で髪質改善を考えている方へ｜ゴワつき・ツヤ不足は、まず原因を分けて考えます,https://note.com/koichi_ikeda/n/n5ae43e607ee7,PUBLIC,2026-09-16,CEP3_FRIZZ_DECISION,TITLE_RULE,A_ENTRY,NONE,LEGACY_REGISTRY,三田市で髪質改善を考えている方へ｜ゴワつき・ツヤ不足は、まず原因を分けて考えます,TITLE_PROXY,D_GENERAL_EXPLANATION,ARTICLE_TEXT_OPERATIONAL_CLASSIFICATION,NOTE_ARTICLE,RELATED_JUDGMENT_ARTICLE,NO,NO,NO,NO,4,1,3,NO,NO,YES,YES,YES,CONSULTATION;LINE;RESERVATION,NONE,NO,NO,4,0,0,UNKNOWN,UNKNOWN,UNKNOWN,UNKNOWN,UNKNOWN,UNKNOWN,UNKNOWN,POTENTIAL,UNKNOWN,UNKNOWN,AUDIENCE;CHECKS;CONCERN;JUDGMENT_BRANCH;NEXT_STEP;NOT_DO,ACTUAL_CASE,PUBLIC_SNAPSHOT_ONLY,UNKNOWN,15,P2_CANDIDATE,INTERNAL_UTM,YES,ikeda-official-web/note_article_registry_2026-09-13.csv
n874020106a81,2026-08-01T07:35:53.000+09:00,「髪が広がるので、できるだけ量を減らしてください」は本当に正解？｜三田市の美容師が考える、広がり＝毛量とは限らない理由,https://note.com/koichi_ikeda/n/n874020106a81,PUBLIC,2026-09-16,CEP3_FRIZZ_DECISION,TITLE_RULE,B_JUDGMENT,A_ENTRY,LEGACY_REGISTRY,「髪が広がるので、できるだけ量を減らしてください」は本当に正解？｜三田市の美容師が考える、広がり＝毛量とは限らない理由,TITLE_PROXY,B_PROFESSIONAL_JUDGMENT,ARTICLE_TEXT_OPERATIONAL_CLASSIFICATION,NOTE_ARTICLE,RELATED_CASE_OR_PRECONSULT,NO,NO,NO,NO,8,3,6,NO,NO,YES,YES,YES,CONSULTATION;LINE;RESERVATION,OVERCLAIM:必ず,NO,NO,8,0,0,UNKNOWN,UNKNOWN,UNKNOWN,UNKNOWN,UNKNOWN,CONFIRMED,CONFIRMED,SUPPORTED,POTENTIAL,UNKNOWN,AUDIENCE;CHECKS;CONCERN;JUDGMENT_BRANCH;NEXT_STEP;NOT_DO,ACTUAL_CASE,PUBLIC_SNAPSHOT_ONLY,UNKNOWN,35,P1_CANDIDATE,BRAND_REVIEW;INTERNAL_UTM,YES,ikeda-official-web/note_article_registry_2026-09-13.csv
n61dedbe2b8f9,2026-08-02T06:57:49.000+09:00,三田市でレイヤーカットが得意な美容師を探している方へ｜池田航一の施術と相談方法,https://note.com/koichi_ikeda/n/n61dedbe2b8f9,PUBLIC,2026-09-16,CEP5_LIGHT_NOT_THIN,TITLE_RULE,A_ENTRY,D_BRIDGE,LEGACY_REGISTRY,三田市でレイヤーカットが得意な美容師を探している方へ｜池田航一の施術と相談方法,TITLE_PROXY,D_GENERAL_EXPLANATION,ARTICLE_TEXT_OPERATIONAL_CLASSIFICATION,CONSULTATION;LINE;NOTE_ARTICLE;RESERVATION,RELATED_JUDGMENT_ARTICLE,NO,YES,YES,YES,1,12,1,NO,NO,YES,YES,YES,CONSULTATION;LINE;RESERVATION,NONE,NO,NO,0,0,0,UNKNOWN,UNKNOWN,UNKNOWN,UNKNOWN,UNKNOWN,UNKNOWN,UNKNOWN,POTENTIAL,UNKNOWN,UNKNOWN,AUDIENCE;CHECKS;CONCERN;JUDGMENT_BRANCH;NEXT_STEP;NOT_DO,ACTUAL_CASE,PUBLIC_SNAPSHOT_ONLY,UNKNOWN,,OBSERVE,NONE,YES,ikeda-official-web/note_article_registry_2026-09-13.csv
nc52beb9469d1,2026-08-03T08:49:49.000+09:00,三田市で自然な縮毛矯正を考えている方へ｜「真っすぐになりすぎるのが怖い」と感じた時に確認したいこと,https://note.com/koichi_ikeda/n/nc52beb9469d1,PUBLIC,2026-09-16,CEP3_FRIZZ_DECISION,TITLE_RULE,B_JUDGMENT,A_ENTRY,LEGACY_REGISTRY,三田市で自然な縮毛矯正を考えている方へ｜「真っすぐになりすぎるのが怖い」と感じた時に確認したいこと,TITLE_PROXY,B_PROFESSIONAL_JUDGMENT,ARTICLE_TEXT_OPERATIONAL_CLASSIFICATION,NONE,RELATED_CASE_OR_PRECONSULT,NO,NO,NO,NO,,2,,NO,NO,NO,NO,NO,NONE,NONE,NO,NO,0,0,0,UNKNOWN,UNKNOWN,UNKNOWN,UNKNOWN,UNKNOWN,CONFIRMED,CONFIRMED,SUPPORTED,POTENTIAL,UNKNOWN,AUDIENCE;CHECKS;CONCERN;JUDGMENT_BRANCH;NOT_DO,ACTUAL_CASE;NEXT_STEP,PUBLIC_SNAPSHOT_ONLY,UNKNOWN,40,P1_CANDIDATE,NO_ACTION_PATH;SEARCH_EXPOSURE_WITHOUT_ACTION,YES,ikeda-official-web/note_article_registry_2026-09-13.csv
nc618049c3261,2026-08-07T07:08:05.000+09:00,三田市で髪を軽くしすぎて広がる方へ｜量を減らした後、どう整えていくか,https://note.com/koichi_ikeda/n/nc618049c3261,PUBLIC,2026-09-16,CEP3_FRIZZ_DECISION,TITLE_RULE,A_ENTRY,NONE,LEGACY_REGISTRY,すでに軽くしすぎて広がる状態からこれ以上減らさず整える,CONFIG_REVIEWED,D_GENERAL_EXPLANATION,ARTICLE_TEXT_OPERATIONAL_CLASSIFICATION,NOTE_ARTICLE,RELATED_JUDGMENT_ARTICLE,NO,NO,NO,NO,6,1,6,NO,NO,YES,YES,YES,CONSULTATION;LINE;RESERVATION,NONE,NO,NO,6,0,0,UNKNOWN,UNKNOWN,UNKNOWN,UNKNOWN,UNKNOWN,PARTIAL_STALE_TITLE_CACHE,PARTIAL,POTENTIAL,UNKNOWN,UNKNOWN,AUDIENCE;CHECKS;CONCERN;JUDGMENT_BRANCH;NEXT_STEP;NOT_DO,ACTUAL_CASE,PUBLIC_SNAPSHOT_ONLY,UNKNOWN,15,P2_CANDIDATE,INTERNAL_UTM,YES,ikeda-official-web/note_article_registry_2026-09-13.csv
n58cc043f5fa4,2026-08-08T07:12:09.000+09:00,三田市で「レイヤーにしたいけど広がりが心配」な方へ。大人女性のレイヤーカットで確認したいこと,https://note.com/koichi_ikeda/n/n58cc043f5fa4,PUBLIC,2026-09-16,CEP3_FRIZZ_DECISION,TITLE_RULE,B_JUDGMENT,A_ENTRY;D_BRIDGE,LEGACY_REGISTRY,三田市で「レイヤーにしたいけど広がりが心配」な方へ。大人女性のレイヤーカットで確認したいこと,TITLE_PROXY,B_PROFESSIONAL_JUDGMENT,ARTICLE_TEXT_OPERATIONAL_CLASSIFICATION,LINE,RELATED_CASE_OR_PRECONSULT,NO,NO,YES,NO,,3,,NO,NO,NO,YES,NO,LINE,NONE,NO,NO,0,0,0,UNKNOWN,UNKNOWN,UNKNOWN,UNKNOWN,UNKNOWN,CONFIRMED,CONFIRMED,SUPPORTED,POTENTIAL,UNKNOWN,AUDIENCE;CHECKS;CONCERN;JUDGMENT_BRANCH;NEXT_STEP;NOT_DO,ACTUAL_CASE,PUBLIC_SNAPSHOT_ONLY,UNKNOWN,,OBSERVE,NONE,YES,ikeda-official-web/note_article_registry_2026-09-13.csv
n670a62197b88,2026-08-08T09:42:27.000+09:00,三田市で髪のうねり・広がりに悩む方へ｜「これ以上、量を減らさない」と判断した実際の相談ケース,https://note.com/koichi_ikeda/n/n670a62197b88,PUBLIC,2026-09-16,CEP3_FRIZZ_DECISION,TITLE_RULE,C_CASE,A_ENTRY;B_JUDGMENT,LEGACY_REGISTRY,三田市で髪のうねり・広がりに悩む方へ｜「これ以上、量を減らさない」と判断した実際の相談ケース,TITLE_PROXY,A_ACTUAL_CASE,VERIFIED_EXISTING_REGISTRY,NOTE_ARTICLE,PRECONSULT?utm_source=note&utm_medium=article&utm_campaign=frizz_decision,NO,NO,NO,NO,4,5,3,NO,NO,YES,YES,YES,CONSULTATION;LINE;RESERVATION,NONE,NO,NO,4,0,0,VERIFIED_EXISTING,UNKNOWN,UNKNOWN,UNKNOWN,UNKNOWN,UNKNOWN,UNKNOWN,SUPPORTED,POTENTIAL,POTENTIAL,ACTUAL_CASE;AUDIENCE;CHECKS;CONCERN;JUDGMENT_BRANCH;NEXT_STEP;NOT_DO,NONE,PUBLIC_SNAPSHOT_ONLY,UNKNOWN,15,P2_CANDIDATE,INTERNAL_UTM,YES,ikeda-official-web/note_article_registry_2026-09-13.csv
n341eb4c05451,2026-08-08T10:36:45.000+09:00,三田市で白髪をどうするか迷っている方へ｜白髪染め・白髪ぼかし・明るいカラーの選び方,https://note.com/koichi_ikeda/n/n341eb4c05451,PUBLIC,2026-09-16,CEP2_GRAY_HAIR_NOT_DARK,TITLE_RULE,A_ENTRY,D_BRIDGE,LEGACY_REGISTRY,三田市で白髪をどうするか迷っている方へ｜白髪染め・白髪ぼかし・明るいカラーの選び方,TITLE_PROXY,D_GENERAL_EXPLANATION,ARTICLE_TEXT_OPERATIONAL_CLASSIFICATION,CONSULTATION;LINE;NOTE_ARTICLE;RESERVATION,RELATED_JUDGMENT_ARTICLE,NO,YES,YES,YES,1,10,,NO,NO,YES,YES,YES,CONSULTATION;LINE;RESERVATION,AGE_ANXIETY:老け(?:て)?見え,NO,NO,0,0,0,UNKNOWN,UNKNOWN,UNKNOWN,UNKNOWN,UNKNOWN,UNKNOWN,UNKNOWN,POTENTIAL,UNKNOWN,UNKNOWN,AUDIENCE;CHECKS;CONCERN;JUDGMENT_BRANCH;NEXT_STEP;NOT_DO,ACTUAL_CASE,PUBLIC_SNAPSHOT_ONLY,UNKNOWN,20,P2_CANDIDATE,BRAND_REVIEW,YES,ikeda-official-web/note_article_registry_2026-09-13.csv
n2604158e10ac,2026-08-09T06:53:24.000+09:00,三田市で夏は髪を結びたい方へ｜結べる長さを残しながら広がり・重さを整える考え方,https://note.com/koichi_ikeda/n/n2604158e10ac,PUBLIC,2026-09-16,CEP3_FRIZZ_DECISION,TITLE_RULE,A_ENTRY,NONE,LEGACY_REGISTRY,三田市で夏は髪を結びたい方へ｜結べる長さを残しながら広がり・重さを整える考え方,TITLE_PROXY,D_GENERAL_EXPLANATION,ARTICLE_TEXT_OPERATIONAL_CLASSIFICATION,NOTE_ARTICLE,RELATED_JUDGMENT_ARTICLE,NO,NO,NO,NO,5,,5,NO,NO,YES,YES,YES,CONSULTATION;LINE;RESERVATION,NONE,NO,NO,5,0,0,UNKNOWN,UNKNOWN,UNKNOWN,UNKNOWN,UNKNOWN,UNKNOWN,UNKNOWN,POTENTIAL,UNKNOWN,UNKNOWN,AUDIENCE;CHECKS;CONCERN;JUDGMENT_BRANCH;NEXT_STEP;NOT_DO,ACTUAL_CASE,PUBLIC_SNAPSHOT_ONLY,UNKNOWN,15,P2_CANDIDATE,INTERNAL_UTM,YES,ikeda-official-web/note_article_registry_2026-09-13.csv
nb6a456406182,2026-08-10T21:24:19.000+09:00,三田市で部分的な縮毛矯正を考えている方へ｜前髪・顔まわり・根元だけでもいい？,https://note.com/koichi_ikeda/n/nb6a456406182,PUBLIC,2026-09-16,CEP3_FRIZZ_DECISION,TITLE_RULE,A_ENTRY,D_BRIDGE,LEGACY_REGISTRY,三田市で部分的な縮毛矯正を考えている方へ｜前髪・顔まわり・根元だけでもいい？,TITLE_PROXY,D_GENERAL_EXPLANATION,ARTICLE_TEXT_OPERATIONAL_CLASSIFICATION,CONSULTATION;LINE;NOTE_ARTICLE;RESERVATION,RELATED_JUDGMENT_ARTICLE,NO,YES,YES,YES,6,,6,NO,NO,YES,YES,YES,CONSULTATION;LINE;RESERVATION,OVERCLAIM:必ず,NO,NO,6,0,0,UNKNOWN,UNKNOWN,UNKNOWN,UNKNOWN,UNKNOWN,CONFIRMED,CONFIRMED,POTENTIAL,UNKNOWN,UNKNOWN,AUDIENCE;CHECKS;CONCERN;JUDGMENT_BRANCH;NEXT_STEP;NOT_DO,ACTUAL_CASE,PUBLIC_SNAPSHOT_ONLY,UNKNOWN,35,P1_CANDIDATE,BRAND_REVIEW;INTERNAL_UTM,YES,ikeda-official-web/note_article_registry_2026-09-13.csv
nacbe18cfbbc2,2026-08-10T21:37:27.000+09:00,三田市で髪型やメニューについて相談できる美容師を探している方へ｜初めてのご予約前に,https://note.com/koichi_ikeda/n/nacbe18cfbbc2,PUBLIC,2026-09-16,CEP1_CHANGE_WITHOUT_FAILURE,TITLE_RULE,D_BRIDGE,A_ENTRY,LEGACY_REGISTRY,三田市で髪型やメニューについて相談できる美容師を探している方へ｜初めてのご予約前に,TITLE_PROXY,D_GENERAL_EXPLANATION,ARTICLE_TEXT_OPERATIONAL_CLASSIFICATION,EXTERNAL;LINE;NOTE_ARTICLE;RESERVATION,PRECONSULT?utm_source=note&utm_medium=article&utm_campaign=change_without_failure,NO,NO,YES,YES,6,39,3,NO,NO,YES,YES,YES,CONSULTATION;LINE;RESERVATION,NONE,YES,NO,0,0,0,UNKNOWN,UNKNOWN,UNKNOWN,UNKNOWN,UNKNOWN,CONFIRMED,CONFIRMED,POTENTIAL,POTENTIAL,UNKNOWN,AUDIENCE;CHECKS;CONCERN;JUDGMENT_BRANCH;NEXT_STEP;NOT_DO,ACTUAL_CASE,PUBLIC_SNAPSHOT_ONLY,UNKNOWN,25,P2_CANDIDATE,OLD_LINE,YES,ikeda-official-web/note_article_registry_2026-09-13.csv
n91415ed02262,2026-08-11T06:47:21.000+09:00,三田市で40代から白髪が気になり始めた方へ｜「まだ白髪染めにするほど？」と迷う時の考え方,https://note.com/koichi_ikeda/n/n91415ed02262,PUBLIC,2026-09-16,CEP2_GRAY_HAIR_NOT_DARK,TITLE_RULE,A_ENTRY,NONE,LEGACY_REGISTRY,三田市で40代から白髪が気になり始めた方へ｜「まだ白髪染めにするほど？」と迷う時の考え方,TITLE_PROXY,D_GENERAL_EXPLANATION,ARTICLE_TEXT_OPERATIONAL_CLASSIFICATION,NOTE_ARTICLE,RELATED_JUDGMENT_ARTICLE,NO,NO,NO,NO,4,,4,NO,NO,YES,YES,YES,CONSULTATION;LINE;RESERVATION,OVERCLAIM:必ず,NO,NO,4,0,0,UNKNOWN,UNKNOWN,UNKNOWN,UNKNOWN,UNKNOWN,UNKNOWN,UNKNOWN,POTENTIAL,UNKNOWN,UNKNOWN,AUDIENCE;CHECKS;CONCERN;JUDGMENT_BRANCH;NEXT_STEP;NOT_DO,ACTUAL_CASE,PUBLIC_SNAPSHOT_ONLY,UNKNOWN,35,P1_CANDIDATE,BRAND_REVIEW;INTERNAL_UTM,YES,ikeda-official-web/note_article_registry_2026-09-13.csv
nec839cc36cac,2026-08-12T08:04:39.000+09:00,三田市でトリートメントや髪質改善が必要か迷う方へ｜ケアを足す前に確認したいこと,https://note.com/koichi_ikeda/n/nec839cc36cac,PUBLIC,2026-09-16,CEP3_FRIZZ_DECISION,TITLE_RULE,B_JUDGMENT,A_ENTRY,LEGACY_REGISTRY,三田市でトリートメントや髪質改善が必要か迷う方へ｜ケアを足す前に確認したいこと,TITLE_PROXY,B_PROFESSIONAL_JUDGMENT,ARTICLE_TEXT_OPERATIONAL_CLASSIFICATION,NOTE_ARTICLE,RELATED_CASE_OR_PRECONSULT,NO,NO,NO,NO,7,6,6,NO,NO,YES,YES,YES,CONSULTATION;LINE;RESERVATION,NONE,NO,NO,6,0,0,UNKNOWN,UNKNOWN,UNKNOWN,UNKNOWN,UNKNOWN,CONFIRMED,CONFIRMED,SUPPORTED,POTENTIAL,UNKNOWN,AUDIENCE;CHECKS;CONCERN;JUDGMENT_BRANCH;NEXT_STEP;NOT_DO,ACTUAL_CASE,PUBLIC_SNAPSHOT_ONLY,UNKNOWN,15,P2_CANDIDATE,INTERNAL_UTM,YES,ikeda-official-web/note_article_registry_2026-09-13.csv
n4be16ad0595a,2026-08-12T13:23:11.000+09:00,三田市で髪質改善と縮毛矯正、どちらを選べばいい？｜違いより先に確認したいこと,https://note.com/koichi_ikeda/n/n4be16ad0595a,PUBLIC,2026-09-16,CEP3_FRIZZ_DECISION,TITLE_RULE,B_JUDGMENT,A_ENTRY;D_BRIDGE,LEGACY_REGISTRY,三田市で髪質改善と縮毛矯正、どちらを選べばいい？｜違いより先に確認したいこと,TITLE_PROXY,B_PROFESSIONAL_JUDGMENT,ARTICLE_TEXT_OPERATIONAL_CLASSIFICATION,CONSULTATION;LINE;NOTE_ARTICLE;RESERVATION,RELATED_CASE_OR_PRECONSULT,NO,YES,YES,YES,7,2,7,NO,NO,YES,YES,YES,CONSULTATION;LINE;RESERVATION,OVERCLAIM:必ず,NO,NO,7,0,0,UNKNOWN,UNKNOWN,UNKNOWN,UNKNOWN,UNKNOWN,CONFIRMED,CONFIRMED,SUPPORTED,POTENTIAL,UNKNOWN,AUDIENCE;CHECKS;CONCERN;JUDGMENT_BRANCH;NEXT_STEP;NOT_DO,ACTUAL_CASE,PUBLIC_SNAPSHOT_ONLY,UNKNOWN,35,P1_CANDIDATE,BRAND_REVIEW;INTERNAL_UTM,YES,ikeda-official-web/note_article_registry_2026-09-13.csv
na91fee9fb319,2026-08-13T07:32:00.000+09:00,トリートメントは毎回した方がいい？髪に必要なケアは人によって違います,https://note.com/koichi_ikeda/n/na91fee9fb319,PUBLIC,2026-09-16,CEP3_FRIZZ_DECISION,LEGACY_REGISTRY,A_ENTRY,D_BRIDGE,LEGACY_REGISTRY,トリートメントは毎回した方がいい？髪に必要なケアは人によって違います,TITLE_PROXY,D_GENERAL_EXPLANATION,ARTICLE_TEXT_OPERATIONAL_CLASSIFICATION,EXTERNAL;LINE;NOTE_ARTICLE,RELATED_JUDGMENT_ARTICLE,NO,NO,YES,NO,1,1,1,NO,NO,YES,YES,YES,CONSULTATION;LINE;RESERVATION,NONE,YES,NO,0,0,0,UNKNOWN,UNKNOWN,UNKNOWN,UNKNOWN,UNKNOWN,UNKNOWN,UNKNOWN,POTENTIAL,UNKNOWN,UNKNOWN,AUDIENCE;CHECKS;CONCERN;JUDGMENT_BRANCH;NEXT_STEP,ACTUAL_CASE;NOT_DO,PUBLIC_SNAPSHOT_ONLY,UNKNOWN,25,P2_CANDIDATE,OLD_LINE,YES,ikeda-official-web/note_article_registry_2026-09-13.csv
nfdf0ed53461c,2026-08-14T07:40:38.000+09:00,三田市で「毛先が薄いのに髪が広がる」と感じる方へ｜さらに軽くする前に確認したいこと,https://note.com/koichi_ikeda/n/nfdf0ed53461c,PUBLIC,2026-09-16,CEP3_FRIZZ_DECISION,TITLE_RULE,B_JUDGMENT,A_ENTRY,LEGACY_REGISTRY,三田市で「毛先が薄いのに髪が広がる」と感じる方へ｜さらに軽くする前に確認したいこと,TITLE_PROXY,B_PROFESSIONAL_JUDGMENT,ARTICLE_TEXT_OPERATIONAL_CLASSIFICATION,NOTE_ARTICLE,RELATED_CASE_OR_PRECONSULT,NO,NO,NO,NO,9,1,9,NO,NO,YES,YES,YES,CONSULTATION;LINE;RESERVATION,NONE,NO,NO,9,0,0,UNKNOWN,UNKNOWN,UNKNOWN,UNKNOWN,UNKNOWN,UNKNOWN,UNKNOWN,SUPPORTED,POTENTIAL,UNKNOWN,AUDIENCE;CHECKS;CONCERN;JUDGMENT_BRANCH;NEXT_STEP;NOT_DO,ACTUAL_CASE,PUBLIC_SNAPSHOT_ONLY,UNKNOWN,15,P2_CANDIDATE,INTERNAL_UTM,YES,ikeda-official-web/note_article_registry_2026-09-13.csv
n47ad7c3d95fe,2026-08-15T06:45:22.000+09:00,三田市で「うねるけど縮毛矯正するほど？」と迷っている方へ｜美容師が見る判断ポイント,https://note.com/koichi_ikeda/n/n47ad7c3d95fe,PUBLIC,2026-09-16,CEP3_FRIZZ_DECISION,TITLE_RULE,B_JUDGMENT,A_ENTRY;D_BRIDGE,LEGACY_REGISTRY,三田市で「うねるけど縮毛矯正するほど？」と迷っている方へ｜美容師が見る判断ポイント,TITLE_PROXY,B_PROFESSIONAL_JUDGMENT,ARTICLE_TEXT_OPERATIONAL_CLASSIFICATION,EXTERNAL;LINE;NOTE_ARTICLE,RELATED_CASE_OR_PRECONSULT,NO,NO,YES,NO,1,10,1,NO,NO,YES,YES,YES,CONSULTATION;LINE;RESERVATION,NONE,NO,NO,0,0,0,UNKNOWN,UNKNOWN,UNKNOWN,UNKNOWN,UNKNOWN,CONFIRMED,CONFIRMED,SUPPORTED,POTENTIAL,UNKNOWN,AUDIENCE;CHECKS;CONCERN;JUDGMENT_BRANCH;NEXT_STEP;NOT_DO,ACTUAL_CASE,PUBLIC_SNAPSHOT_ONLY,UNKNOWN,,OBSERVE,NONE,YES,ikeda-official-web/note_article_registry_2026-09-13.csv
n282cb4929242,2026-08-16T06:42:41.000+09:00,三田市で髪質改善を続けても広がる方へ｜トリートメントだけでは変わりにくい場合とは？,https://note.com/koichi_ikeda/n/n282cb4929242,PUBLIC,2026-09-16,CEP3_FRIZZ_DECISION,TITLE_RULE,A_ENTRY,D_BRIDGE,LEGACY_REGISTRY,三田市で髪質改善を続けても広がる方へ｜トリートメントだけでは変わりにくい場合とは？,TITLE_PROXY,D_GENERAL_EXPLANATION,ARTICLE_TEXT_OPERATIONAL_CLASSIFICATION,EXTERNAL;LINE;NOTE_ARTICLE,RELATED_JUDGMENT_ARTICLE,NO,NO,YES,NO,1,5,1,NO,NO,YES,YES,YES,CONSULTATION;LINE;RESERVATION,NONE,YES,NO,0,0,0,UNKNOWN,UNKNOWN,UNKNOWN,UNKNOWN,UNKNOWN,UNKNOWN,UNKNOWN,POTENTIAL,UNKNOWN,UNKNOWN,AUDIENCE;CHECKS;CONCERN;JUDGMENT_BRANCH;NEXT_STEP;NOT_DO,ACTUAL_CASE,PUBLIC_SNAPSHOT_ONLY,UNKNOWN,25,P2_CANDIDATE,OLD_LINE,YES,ikeda-official-web/note_article_registry_2026-09-13.csv
n4a9b55a64e75,2026-08-17T07:07:23.000+09:00,髪が重く見える＝量を減らす、ではありません｜軽くする前に確認したいこと,https://note.com/koichi_ikeda/n/n4a9b55a64e75,PUBLIC,2026-09-16,CEP5_LIGHT_NOT_THIN,TITLE_RULE,B_JUDGMENT,A_ENTRY;D_BRIDGE,LEGACY_REGISTRY,髪が重く見える＝量を減らす、ではありません｜軽くする前に確認したいこと,TITLE_PROXY,B_PROFESSIONAL_JUDGMENT,ARTICLE_TEXT_OPERATIONAL_CLASSIFICATION,CONSULTATION;EXTERNAL;LINE;NOTE_ARTICLE;RESERVATION,RELATED_CASE_OR_PRECONSULT,NO,YES,YES,YES,1,9,1,NO,NO,YES,YES,YES,CONSULTATION;LINE;RESERVATION,NONE,NO,NO,0,0,0,UNKNOWN,UNKNOWN,UNKNOWN,UNKNOWN,UNKNOWN,UNKNOWN,UNKNOWN,SUPPORTED,POTENTIAL,UNKNOWN,AUDIENCE;CHECKS;CONCERN;JUDGMENT_BRANCH;NEXT_STEP;NOT_DO,ACTUAL_CASE,PUBLIC_SNAPSHOT_ONLY,UNKNOWN,,OBSERVE,NONE,YES,ikeda-official-web/note_article_registry_2026-09-13.csv
n41589cc5b539,2026-08-18T13:34:20.000+09:00,三田市で「分け目が目立つ」と感じる方へ｜髪型で変えられること・変えにくいこと,https://note.com/koichi_ikeda/n/n41589cc5b539,PUBLIC,2026-09-16,CEP1_CHANGE_WITHOUT_FAILURE,TITLE_RULE,A_ENTRY,D_BRIDGE,LEGACY_REGISTRY,三田市で「分け目が目立つ」と感じる方へ｜髪型で変えられること・変えにくいこと,TITLE_PROXY,D_GENERAL_EXPLANATION,ARTICLE_TEXT_OPERATIONAL_CLASSIFICATION,CONSULTATION;LINE;NOTE_ARTICLE;RESERVATION,RELATED_JUDGMENT_ARTICLE,NO,YES,YES,YES,4,,4,NO,NO,YES,YES,YES,CONSULTATION;LINE;RESERVATION,NONE,NO,NO,4,0,0,UNKNOWN,UNKNOWN,UNKNOWN,UNKNOWN,UNKNOWN,UNKNOWN,UNKNOWN,POTENTIAL,UNKNOWN,UNKNOWN,AUDIENCE;CHECKS;CONCERN;JUDGMENT_BRANCH;NEXT_STEP;NOT_DO,ACTUAL_CASE,PUBLIC_SNAPSHOT_ONLY,UNKNOWN,15,P2_CANDIDATE,INTERNAL_UTM,YES,ikeda-official-web/note_article_registry_2026-09-13.csv
n7874cb42b364,2026-08-18T13:37:50.000+09:00,三田市でベージュカラーにしたけど「なんか違う」と感じた方へ｜色名だけで決めないカラーの考え方,https://note.com/koichi_ikeda/n/n7874cb42b364,PUBLIC,2026-09-16,CEP6_COLOR_DECISION_CANDIDATE,TITLE_RULE_HUMAN_REVIEW,A_ENTRY,D_BRIDGE,LEGACY_REGISTRY,三田市でベージュカラーにしたけど「なんか違う」と感じた方へ｜色名だけで決めないカラーの考え方,TITLE_PROXY,D_GENERAL_EXPLANATION,ARTICLE_TEXT_OPERATIONAL_CLASSIFICATION,CONSULTATION;LINE;NOTE_ARTICLE;RESERVATION,RELATED_JUDGMENT_ARTICLE,NO,YES,YES,YES,4,1,4,NO,NO,YES,YES,YES,CONSULTATION;LINE;RESERVATION,NONE,NO,NO,4,0,0,UNKNOWN,UNKNOWN,UNKNOWN,UNKNOWN,UNKNOWN,UNKNOWN,UNKNOWN,POTENTIAL,UNKNOWN,UNKNOWN,AUDIENCE;CHECKS;CONCERN;JUDGMENT_BRANCH;NEXT_STEP;NOT_DO,ACTUAL_CASE,PUBLIC_SNAPSHOT_ONLY,UNKNOWN,15,P2_CANDIDATE,INTERNAL_UTM,YES,ikeda-official-web/note_article_registry_2026-09-13.csv
nc81e32727f40,2026-08-18T13:41:35.000+09:00,三田市で髪の悩みがいくつもある方へ｜白髪・パサつき・ボリューム、何から相談すればいい？,https://note.com/koichi_ikeda/n/nc81e32727f40,PUBLIC,2026-09-16,CEP2_GRAY_HAIR_NOT_DARK,TITLE_RULE,A_ENTRY,D_BRIDGE,LEGACY_REGISTRY,三田市で髪の悩みがいくつもある方へ｜白髪・パサつき・ボリューム、何から相談すればいい？,TITLE_PROXY,D_GENERAL_EXPLANATION,ARTICLE_TEXT_OPERATIONAL_CLASSIFICATION,CONSULTATION;LINE;NOTE_ARTICLE;RESERVATION,RELATED_JUDGMENT_ARTICLE,NO,YES,YES,YES,5,,5,NO,NO,YES,YES,YES,CONSULTATION;LINE;RESERVATION,NONE,NO,NO,5,0,0,UNKNOWN,UNKNOWN,UNKNOWN,UNKNOWN,UNKNOWN,UNKNOWN,UNKNOWN,POTENTIAL,UNKNOWN,UNKNOWN,AUDIENCE;CHECKS;CONCERN;JUDGMENT_BRANCH;NEXT_STEP;NOT_DO,ACTUAL_CASE,PUBLIC_SNAPSHOT_ONLY,UNKNOWN,15,P2_CANDIDATE,INTERNAL_UTM,YES,ikeda-official-web/note_article_registry_2026-09-13.csv
n4e5d74d50a8e,2026-08-18T13:44:58.000+09:00,三田市で「透明感カラーにしたい」方へ｜色名より先に確認したいこと,https://note.com/koichi_ikeda/n/n4e5d74d50a8e,PUBLIC,2026-09-16,CEP6_COLOR_DECISION_CANDIDATE,TITLE_RULE_HUMAN_REVIEW,B_JUDGMENT,A_ENTRY;D_BRIDGE,LEGACY_REGISTRY,三田市で「透明感カラーにしたい」方へ｜色名より先に確認したいこと,TITLE_PROXY,B_PROFESSIONAL_JUDGMENT,ARTICLE_TEXT_OPERATIONAL_CLASSIFICATION,CONSULTATION;LINE;NOTE_ARTICLE;RESERVATION,RELATED_CASE_OR_PRECONSULT,NO,YES,YES,YES,5,,5,NO,NO,YES,YES,YES,CONSULTATION;LINE;RESERVATION,NONE,NO,NO,4,0,0,UNKNOWN,UNKNOWN,UNKNOWN,UNKNOWN,UNKNOWN,UNKNOWN,UNKNOWN,SUPPORTED,POTENTIAL,UNKNOWN,AUDIENCE;CHECKS;CONCERN;JUDGMENT_BRANCH;NEXT_STEP;NOT_DO,ACTUAL_CASE,PUBLIC_SNAPSHOT_ONLY,UNKNOWN,15,P2_CANDIDATE,INTERNAL_UTM,YES,ikeda-official-web/note_article_registry_2026-09-13.csv
n6c2f0da8b713,2026-08-19T06:47:26.000+09:00,「今回はやらない」という提案について｜美容師が施術を勧めない時に考えていること,https://note.com/koichi_ikeda/n/n6c2f0da8b713,PUBLIC,2026-09-16,OTHER,LEGACY_REGISTRY,B_JUDGMENT,A_ENTRY;D_BRIDGE,LEGACY_REGISTRY,「今回はやらない」という提案について｜美容師が施術を勧めない時に考えていること,TITLE_PROXY,B_PROFESSIONAL_JUDGMENT,ARTICLE_TEXT_OPERATIONAL_CLASSIFICATION,CONSULTATION;EXTERNAL;LINE;NOTE_ARTICLE;RESERVATION,RELATED_CASE_OR_PRECONSULT,NO,YES,YES,YES,1,,1,NO,NO,YES,YES,YES,CONSULTATION;LINE;RESERVATION,NONE,NO,NO,0,0,0,UNKNOWN,UNKNOWN,UNKNOWN,UNKNOWN,UNKNOWN,UNKNOWN,UNKNOWN,SUPPORTED,POTENTIAL,UNKNOWN,AUDIENCE;CHECKS;CONCERN;JUDGMENT_BRANCH;NEXT_STEP;NOT_DO,ACTUAL_CASE,PUBLIC_SNAPSHOT_ONLY,UNKNOWN,5,OBSERVE,THEME_REVIEW,YES,ikeda-official-web/note_article_registry_2026-09-13.csv
nc947fab7f07e,2026-08-20T06:57:28.000+09:00,「短くしたい」と言われても、一気に短くしないことがあります｜髪型の変化量をどう決めるか,https://note.com/koichi_ikeda/n/nc947fab7f07e,PUBLIC,2026-09-16,CEP4_SHORT_HAIR_ANXIETY,TITLE_RULE,B_JUDGMENT,A_ENTRY;D_BRIDGE,LEGACY_REGISTRY,「短くしたい」と言われても、一気に短くしないことがあります｜髪型の変化量をどう決めるか,TITLE_PROXY,B_PROFESSIONAL_JUDGMENT,ARTICLE_TEXT_OPERATIONAL_CLASSIFICATION,CONSULTATION;EXTERNAL;LINE;NOTE_ARTICLE;RESERVATION,RELATED_CASE_OR_PRECONSULT,NO,YES,YES,YES,3,1,2,NO,NO,YES,YES,YES,CONSULTATION;LINE;RESERVATION,NONE,NO,NO,0,0,0,UNKNOWN,UNKNOWN,UNKNOWN,UNKNOWN,UNKNOWN,UNKNOWN,UNKNOWN,SUPPORTED,POTENTIAL,UNKNOWN,AUDIENCE;CHECKS;CONCERN;JUDGMENT_BRANCH;NEXT_STEP;NOT_DO,ACTUAL_CASE,PUBLIC_SNAPSHOT_ONLY,UNKNOWN,,OBSERVE,NONE,YES,ikeda-official-web/note_article_registry_2026-09-13.csv
n5c2fec4b2172,2026-08-21T06:56:10.000+09:00,レイヤーが流行っていても、全員に必要とは限りません｜入れる・入れないをどう判断するか,https://note.com/koichi_ikeda/n/n5c2fec4b2172,PUBLIC,2026-09-16,CEP5_LIGHT_NOT_THIN,TITLE_RULE,B_JUDGMENT,A_ENTRY;D_BRIDGE,LEGACY_REGISTRY,レイヤーが流行っていても、全員に必要とは限りません｜入れる・入れないをどう判断するか,TITLE_PROXY,B_PROFESSIONAL_JUDGMENT,ARTICLE_TEXT_OPERATIONAL_CLASSIFICATION,CONSULTATION;EXTERNAL;LINE;NOTE_ARTICLE;RESERVATION,RELATED_CASE_OR_PRECONSULT,NO,YES,YES,YES,1,,1,NO,NO,YES,YES,YES,CONSULTATION;LINE;RESERVATION,NONE,YES,NO,0,0,0,UNKNOWN,UNKNOWN,UNKNOWN,UNKNOWN,UNKNOWN,UNKNOWN,UNKNOWN,SUPPORTED,POTENTIAL,UNKNOWN,AUDIENCE;CHECKS;CONCERN;JUDGMENT_BRANCH;NEXT_STEP;NOT_DO,ACTUAL_CASE,PUBLIC_SNAPSHOT_ONLY,UNKNOWN,25,P2_CANDIDATE,OLD_LINE,YES,ikeda-official-web/note_article_registry_2026-09-13.csv
nc4f68f2c2a62,2026-08-22T06:53:32.000+09:00,まだ暑い8月。でも髪は一足早く秋へ｜夏の終わりに考えたい、大人女性のヘアスタイルの変え方,https://note.com/koichi_ikeda/n/nc4f68f2c2a62,PUBLIC,2026-09-16,CEP1_CHANGE_WITHOUT_FAILURE,TITLE_RULE,A_ENTRY,D_BRIDGE,LEGACY_REGISTRY,まだ暑い8月。でも髪は一足早く秋へ｜夏の終わりに考えたい、大人女性のヘアスタイルの変え方,TITLE_PROXY,D_GENERAL_EXPLANATION,ARTICLE_TEXT_OPERATIONAL_CLASSIFICATION,CONSULTATION;EXTERNAL;LINE;NOTE_ARTICLE;RESERVATION,RELATED_JUDGMENT_ARTICLE,NO,YES,YES,YES,1,,1,NO,NO,YES,YES,YES,CONSULTATION;LINE;RESERVATION,NONE,NO,NO,0,0,0,UNKNOWN,UNKNOWN,UNKNOWN,UNKNOWN,UNKNOWN,UNKNOWN,UNKNOWN,POTENTIAL,UNKNOWN,UNKNOWN,AUDIENCE;CHECKS;CONCERN;JUDGMENT_BRANCH;NEXT_STEP;NOT_DO,ACTUAL_CASE,PUBLIC_SNAPSHOT_ONLY,UNKNOWN,,OBSERVE,NONE,YES,ikeda-official-web/note_article_registry_2026-09-13.csv
n30cbb2b95d88,2026-08-23T07:00:28.000+09:00,美容室で「軽くしてください」と伝える前に知ってほしいこと｜重さと毛量は同じではありません,https://note.com/koichi_ikeda/n/n30cbb2b95d88,PUBLIC,2026-09-16,CEP5_LIGHT_NOT_THIN,TITLE_RULE,B_JUDGMENT,A_ENTRY;D_BRIDGE,LEGACY_REGISTRY,美容室で「軽くしてください」と伝える前に知ってほしいこと｜重さと毛量は同じではありません,TITLE_PROXY,B_PROFESSIONAL_JUDGMENT,ARTICLE_TEXT_OPERATIONAL_CLASSIFICATION,CONSULTATION;EXTERNAL;LINE;NOTE_ARTICLE;RESERVATION,RELATED_CASE_OR_PRECONSULT,NO,YES,YES,YES,1,,1,NO,NO,YES,YES,YES,CONSULTATION;LINE;RESERVATION,OVERCLAIM:必ず,NO,NO,0,0,0,UNKNOWN,UNKNOWN,UNKNOWN,UNKNOWN,UNKNOWN,UNKNOWN,UNKNOWN,SUPPORTED,POTENTIAL,UNKNOWN,AUDIENCE;CHECKS;CONCERN;JUDGMENT_BRANCH;NEXT_STEP;NOT_DO,ACTUAL_CASE,PUBLIC_SNAPSHOT_ONLY,UNKNOWN,20,P2_CANDIDATE,BRAND_REVIEW,YES,ikeda-official-web/note_article_registry_2026-09-13.csv
nad0642382885,2026-08-23T10:06:05.000+09:00,レイヤーは、前と後ろで同じように入れるとは限りません｜軽さとまとまりを両立するために考えていること,https://note.com/koichi_ikeda/n/nad0642382885,PUBLIC,2026-09-16,CEP5_LIGHT_NOT_THIN,TITLE_RULE,B_JUDGMENT,A_ENTRY;D_BRIDGE,LEGACY_REGISTRY,レイヤーは、前と後ろで同じように入れるとは限りません｜軽さとまとまりを両立するために考えていること,TITLE_PROXY,B_PROFESSIONAL_JUDGMENT,ARTICLE_TEXT_OPERATIONAL_CLASSIFICATION,CONSULTATION;LINE;NOTE_ARTICLE;RESERVATION,RELATED_CASE_OR_PRECONSULT,NO,YES,YES,YES,3,1,2,NO,NO,YES,YES,YES,CONSULTATION;LINE;RESERVATION,NONE,NO,NO,0,0,0,UNKNOWN,UNKNOWN,UNKNOWN,UNKNOWN,UNKNOWN,CONFIRMED,CONFIRMED,SUPPORTED,POTENTIAL,UNKNOWN,AUDIENCE;CHECKS;CONCERN;JUDGMENT_BRANCH;NEXT_STEP,ACTUAL_CASE;NOT_DO,PUBLIC_SNAPSHOT_ONLY,UNKNOWN,,OBSERVE,NONE,YES,ikeda-official-web/note_article_registry_2026-09-13.csv
nc79600829941,2026-08-23T11:06:55.000+09:00,秋に向けて髪型を変えたい。でも短くしたくない方へ｜長さを残したまま変えられること,https://note.com/koichi_ikeda/n/nc79600829941,PUBLIC,2026-09-16,CEP4_SHORT_HAIR_ANXIETY,TITLE_RULE,A_ENTRY,D_BRIDGE,LEGACY_REGISTRY,秋に向けて髪型を変えたい。でも短くしたくない方へ｜長さを残したまま変えられること,TITLE_PROXY,D_GENERAL_EXPLANATION,ARTICLE_TEXT_OPERATIONAL_CLASSIFICATION,CONSULTATION;LINE;NOTE_ARTICLE;RESERVATION,RELATED_JUDGMENT_ARTICLE,NO,YES,YES,YES,3,,3,NO,NO,YES,YES,YES,CONSULTATION;LINE;RESERVATION,OVERCLAIM:必ず,NO,NO,0,0,0,UNKNOWN,UNKNOWN,UNKNOWN,UNKNOWN,UNKNOWN,UNKNOWN,UNKNOWN,POTENTIAL,UNKNOWN,UNKNOWN,AUDIENCE;CHECKS;CONCERN;JUDGMENT_BRANCH;NEXT_STEP,ACTUAL_CASE;NOT_DO,PUBLIC_SNAPSHOT_ONLY,UNKNOWN,20,P2_CANDIDATE,BRAND_REVIEW,YES,ikeda-official-web/note_article_registry_2026-09-13.csv
na5434691367f,2026-08-24T07:58:59.000+09:00,「髪質改善」と言う前に確認したいこと｜悩みと施術名を分けて考える理由,https://note.com/koichi_ikeda/n/na5434691367f,PUBLIC,2026-09-16,CEP3_FRIZZ_DECISION,TITLE_RULE,B_JUDGMENT,A_ENTRY;D_BRIDGE,LEGACY_REGISTRY,「髪質改善」と言う前に確認したいこと｜悩みと施術名を分けて考える理由,TITLE_PROXY,B_PROFESSIONAL_JUDGMENT,ARTICLE_TEXT_OPERATIONAL_CLASSIFICATION,CONSULTATION;LINE;RESERVATION,RELATED_CASE_OR_PRECONSULT,NO,YES,YES,YES,,,,YES,NO,YES,YES,YES,CONSULTATION;LINE;RESERVATION,NONE,NO,NO,0,0,0,UNKNOWN,UNKNOWN,UNKNOWN,UNKNOWN,UNKNOWN,CONFIRMED,CONFIRMED,SUPPORTED,POTENTIAL,UNKNOWN,AUDIENCE;CHECKS;CONCERN;JUDGMENT_BRANCH;NEXT_STEP;NOT_DO,ACTUAL_CASE,PUBLIC_SNAPSHOT_ONLY,UNKNOWN,15,P2_CANDIDATE,ISOLATED,YES,ikeda-official-web/note_article_registry_2026-09-13.csv
na96e09757a47,2026-08-26T11:40:55.000+09:00,「髪が重いから量を減らしたい」その前に確認したいこと,https://note.com/koichi_ikeda/n/na96e09757a47,PUBLIC,2026-09-16,CEP5_LIGHT_NOT_THIN,TITLE_RULE,B_JUDGMENT,A_ENTRY;D_BRIDGE,LEGACY_REGISTRY,「髪が重いから量を減らしたい」その前に確認したいこと,TITLE_PROXY,B_PROFESSIONAL_JUDGMENT,ARTICLE_TEXT_OPERATIONAL_CLASSIFICATION,CONSULTATION;LINE;RESERVATION,RELATED_CASE_OR_PRECONSULT,NO,YES,YES,YES,,,,YES,NO,YES,YES,YES,CONSULTATION;LINE;RESERVATION,NONE,NO,NO,0,0,0,UNKNOWN,UNKNOWN,UNKNOWN,UNKNOWN,UNKNOWN,UNKNOWN,UNKNOWN,SUPPORTED,POTENTIAL,UNKNOWN,AUDIENCE;CHECKS;CONCERN;JUDGMENT_BRANCH;NEXT_STEP,ACTUAL_CASE;NOT_DO,PUBLIC_SNAPSHOT_ONLY,UNKNOWN,15,P2_CANDIDATE,ISOLATED,YES,ikeda-official-web/note_article_registry_2026-09-13.csv
n3096ada15a21,2026-08-27T07:22:10.000+09:00,顔まわりを切る前に「普段、髪を結ぶか」を確認する理由,https://note.com/koichi_ikeda/n/n3096ada15a21,PUBLIC,2026-09-16,OTHER,LEGACY_REGISTRY,B_JUDGMENT,A_ENTRY;D_BRIDGE,LEGACY_REGISTRY,顔まわりを切る前に「普段、髪を結ぶか」を確認する理由,TITLE_PROXY,B_PROFESSIONAL_JUDGMENT,ARTICLE_TEXT_OPERATIONAL_CLASSIFICATION,CONSULTATION;LINE;RESERVATION,RELATED_CASE_OR_PRECONSULT,NO,YES,YES,YES,,,,YES,NO,YES,YES,YES,CONSULTATION;LINE;RESERVATION,NONE,NO,NO,0,0,0,UNKNOWN,UNKNOWN,UNKNOWN,UNKNOWN,UNKNOWN,UNKNOWN,UNKNOWN,SUPPORTED,POTENTIAL,UNKNOWN,AUDIENCE;CHECKS;CONCERN;JUDGMENT_BRANCH;NEXT_STEP,ACTUAL_CASE;NOT_DO,PUBLIC_SNAPSHOT_ONLY,UNKNOWN,20,P2_CANDIDATE,ISOLATED;THEME_REVIEW,YES,ikeda-official-web/note_article_registry_2026-09-13.csv
n74239930a96d,2026-08-27T08:32:57.000+09:00,長さを変えずに髪型を変える方法｜顔まわり・重心・毛先で印象は変わる,https://note.com/koichi_ikeda/n/n74239930a96d,PUBLIC,2026-09-16,CEP1_CHANGE_WITHOUT_FAILURE,TITLE_RULE,A_ENTRY,D_BRIDGE,LEGACY_REGISTRY,長さを変えずに髪型を変える方法｜顔まわり・重心・毛先で印象は変わる,TITLE_PROXY,D_GENERAL_EXPLANATION,ARTICLE_TEXT_OPERATIONAL_CLASSIFICATION,CONSULTATION;LINE;RESERVATION,RELATED_JUDGMENT_ARTICLE,NO,YES,YES,YES,,,,YES,NO,YES,YES,YES,CONSULTATION;LINE;RESERVATION,AGE_ANXIETY:老け(?:て)?見え;OVERCLAIM:必ず,NO,NO,0,0,0,UNKNOWN,UNKNOWN,UNKNOWN,UNKNOWN,UNKNOWN,UNKNOWN,UNKNOWN,POTENTIAL,UNKNOWN,UNKNOWN,AUDIENCE;CHECKS;CONCERN;JUDGMENT_BRANCH;NEXT_STEP;NOT_DO,ACTUAL_CASE,PUBLIC_SNAPSHOT_ONLY,UNKNOWN,35,P1_CANDIDATE,BRAND_REVIEW;ISOLATED,YES,ikeda-official-web/note_article_registry_2026-09-13.csv
n43ae09beab1b,2026-08-27T08:46:30.000+09:00,白髪が気になる＝暗く染める、ではありません｜白髪との付き合い方をどう決めるか,https://note.com/koichi_ikeda/n/n43ae09beab1b,PUBLIC,2026-09-16,CEP2_GRAY_HAIR_NOT_DARK,TITLE_RULE,B_JUDGMENT,A_ENTRY;D_BRIDGE,LEGACY_REGISTRY,白髪が気になる＝暗く染める、ではありません｜白髪との付き合い方をどう決めるか,TITLE_PROXY,B_PROFESSIONAL_JUDGMENT,ARTICLE_TEXT_OPERATIONAL_CLASSIFICATION,CONSULTATION;LINE;NOTE_ARTICLE;RESERVATION,RELATED_CASE_OR_PRECONSULT,NO,YES,YES,YES,1,,1,NO,NO,YES,YES,YES,CONSULTATION;LINE;RESERVATION,NONE,NO,NO,0,0,0,UNKNOWN,UNKNOWN,UNKNOWN,UNKNOWN,UNKNOWN,UNKNOWN,UNKNOWN,SUPPORTED,POTENTIAL,UNKNOWN,AUDIENCE;CHECKS;CONCERN;JUDGMENT_BRANCH;NEXT_STEP;NOT_DO,ACTUAL_CASE,PUBLIC_SNAPSHOT_ONLY,UNKNOWN,,OBSERVE,NONE,YES,ikeda-official-web/note_article_registry_2026-09-13.csv
n0076de702ebd,2026-08-27T08:54:01.000+09:00,「今は気にならない」でも、今回は整えた方がいいことがあります｜次回来店までを考えて施術を決める理由,https://note.com/koichi_ikeda/n/n0076de702ebd,PUBLIC,2026-09-16,OTHER,LEGACY_REGISTRY,A_ENTRY,D_BRIDGE,LEGACY_REGISTRY,「今は気にならない」でも、今回は整えた方がいいことがあります｜次回来店までを考えて施術を決める理由,TITLE_PROXY,D_GENERAL_EXPLANATION,ARTICLE_TEXT_OPERATIONAL_CLASSIFICATION,CONSULTATION;LINE;NOTE_ARTICLE;RESERVATION,RELATED_JUDGMENT_ARTICLE,NO,YES,YES,YES,1,,1,NO,NO,YES,YES,YES,CONSULTATION;LINE;RESERVATION,NONE,NO,NO,0,0,0,UNKNOWN,UNKNOWN,UNKNOWN,UNKNOWN,UNKNOWN,UNKNOWN,UNKNOWN,POTENTIAL,UNKNOWN,UNKNOWN,AUDIENCE;CHECKS;CONCERN;JUDGMENT_BRANCH;NEXT_STEP;NOT_DO,ACTUAL_CASE,PUBLIC_SNAPSHOT_ONLY,UNKNOWN,5,OBSERVE,THEME_REVIEW,YES,ikeda-official-web/note_article_registry_2026-09-13.csv
nb789bf9f1294,2026-08-31T12:09:21.000+09:00,40代・50代で髪型がなんとなく古く見える時、長さより先に確認したいこと,https://note.com/koichi_ikeda/n/nb789bf9f1294,PUBLIC,2026-09-16,CEP1_CHANGE_WITHOUT_FAILURE,LEGACY_REGISTRY,B_JUDGMENT,A_ENTRY;D_BRIDGE,LEGACY_REGISTRY,40代・50代で髪型がなんとなく古く見える時、長さより先に確認したいこと,TITLE_PROXY,B_PROFESSIONAL_JUDGMENT,ARTICLE_TEXT_OPERATIONAL_CLASSIFICATION,CONSULTATION;LINE;NOTE_ARTICLE;RESERVATION,RELATED_CASE_OR_PRECONSULT,NO,YES,YES,YES,1,,1,NO,NO,YES,YES,YES,CONSULTATION;LINE;RESERVATION,NONE,NO,NO,0,0,0,UNKNOWN,UNKNOWN,UNKNOWN,UNKNOWN,UNKNOWN,CONFIRMED,CONFIRMED,SUPPORTED,POTENTIAL,UNKNOWN,AUDIENCE;CHECKS;CONCERN;JUDGMENT_BRANCH;NEXT_STEP;NOT_DO,ACTUAL_CASE,PUBLIC_SNAPSHOT_ONLY,UNKNOWN,,OBSERVE,NONE,YES,ikeda-official-web/note_article_registry_2026-09-13.csv
n2e003f966836,2026-09-01T07:12:31.000+09:00,長さは変えたくない。でも何か変えたい時、美容室でどう相談すればいい？,https://note.com/koichi_ikeda/n/n2e003f966836,PUBLIC,2026-09-16,CEP1_CHANGE_WITHOUT_FAILURE,TITLE_RULE,A_ENTRY,D_BRIDGE,LEGACY_REGISTRY,長さは変えたくない。でも何か変えたい時、美容室でどう相談すればいい？,TITLE_PROXY,D_GENERAL_EXPLANATION,ARTICLE_TEXT_OPERATIONAL_CLASSIFICATION,CONSULTATION;LINE;RESERVATION,RELATED_JUDGMENT_ARTICLE,NO,YES,YES,YES,,,,YES,NO,YES,YES,YES,CONSULTATION;LINE;RESERVATION,OVERCLAIM:必ず,NO,NO,0,0,0,UNKNOWN,UNKNOWN,UNKNOWN,UNKNOWN,UNKNOWN,UNKNOWN,UNKNOWN,POTENTIAL,UNKNOWN,UNKNOWN,AUDIENCE;CHECKS;CONCERN;JUDGMENT_BRANCH;NEXT_STEP;NOT_DO,ACTUAL_CASE,PUBLIC_SNAPSHOT_ONLY,UNKNOWN,35,P1_CANDIDATE,BRAND_REVIEW;ISOLATED,YES,ikeda-official-web/note_article_registry_2026-09-13.csv
n7d4999c84b5a,2026-09-02T07:20:47.000+09:00,いつもの髪型が、なんとなく似合わなくなった時に考えたいこと,https://note.com/koichi_ikeda/n/n7d4999c84b5a,PUBLIC,2026-09-16,CEP1_CHANGE_WITHOUT_FAILURE,TITLE_RULE,A_ENTRY,D_BRIDGE,LEGACY_REGISTRY,いつもの髪型が、なんとなく似合わなくなった時に考えたいこと,TITLE_PROXY,D_GENERAL_EXPLANATION,ARTICLE_TEXT_OPERATIONAL_CLASSIFICATION,CONSULTATION;LINE;RESERVATION,RELATED_JUDGMENT_ARTICLE,NO,YES,YES,YES,,,,YES,NO,YES,YES,YES,CONSULTATION;LINE;RESERVATION,NONE,NO,NO,0,0,0,UNKNOWN,UNKNOWN,UNKNOWN,UNKNOWN,UNKNOWN,UNKNOWN,UNKNOWN,POTENTIAL,UNKNOWN,UNKNOWN,AUDIENCE;CHECKS;CONCERN;JUDGMENT_BRANCH;NEXT_STEP;NOT_DO,ACTUAL_CASE,PUBLIC_SNAPSHOT_ONLY,UNKNOWN,15,P2_CANDIDATE,ISOLATED,YES,ikeda-official-web/note_article_registry_2026-09-13.csv
n8ce1135b5cbe,2026-09-03T06:59:05.000+09:00,レイヤーを入れたいと言われても、入れないことがあります,https://note.com/koichi_ikeda/n/n8ce1135b5cbe,PUBLIC,2026-09-16,CEP5_LIGHT_NOT_THIN,TITLE_RULE,A_ENTRY,D_BRIDGE,LEGACY_REGISTRY,レイヤーを入れたいと言われても、入れないことがあります,TITLE_PROXY,D_GENERAL_EXPLANATION,ARTICLE_TEXT_OPERATIONAL_CLASSIFICATION,CONSULTATION;LINE;RESERVATION,RELATED_JUDGMENT_ARTICLE,NO,YES,YES,YES,,,,YES,NO,YES,YES,YES,CONSULTATION;LINE;RESERVATION,NONE,NO,NO,0,0,0,UNKNOWN,UNKNOWN,UNKNOWN,UNKNOWN,UNKNOWN,UNKNOWN,UNKNOWN,POTENTIAL,UNKNOWN,UNKNOWN,AUDIENCE;CHECKS;JUDGMENT_BRANCH;NEXT_STEP;NOT_DO,ACTUAL_CASE;CONCERN,PUBLIC_SNAPSHOT_ONLY,UNKNOWN,15,P2_CANDIDATE,ISOLATED,YES,ikeda-official-web/note_article_registry_2026-09-13.csv
n3472fcb1978a,2026-09-04T08:10:44.000+09:00,髪が広がるからといって、量を減らせば収まるとは限りません,https://note.com/koichi_ikeda/n/n3472fcb1978a,PUBLIC,2026-09-16,CEP3_FRIZZ_DECISION,TITLE_RULE,B_JUDGMENT,A_ENTRY;D_BRIDGE,LEGACY_REGISTRY,髪が広がるからといって、量を減らせば収まるとは限りません,TITLE_PROXY,B_PROFESSIONAL_JUDGMENT,ARTICLE_TEXT_OPERATIONAL_CLASSIFICATION,CONSULTATION;LINE;RESERVATION,RELATED_CASE_OR_PRECONSULT,NO,YES,YES,YES,,1,,NO,NO,YES,YES,YES,CONSULTATION;LINE;RESERVATION,NONE,NO,NO,0,0,0,UNKNOWN,UNKNOWN,UNKNOWN,UNKNOWN,UNKNOWN,UNKNOWN,UNKNOWN,SUPPORTED,POTENTIAL,UNKNOWN,AUDIENCE;CHECKS;CONCERN;JUDGMENT_BRANCH;NEXT_STEP;NOT_DO,ACTUAL_CASE,PUBLIC_SNAPSHOT_ONLY,UNKNOWN,,OBSERVE,NONE,YES,ikeda-official-web/note_article_registry_2026-09-13.csv
n74441a2a58a7,2026-09-05T07:38:39.000+09:00,40代・50代で「毛先がスカスカになるのが怖い」方へ,https://note.com/koichi_ikeda/n/n74441a2a58a7,PUBLIC,2026-09-16,CEP5_LIGHT_NOT_THIN,TITLE_RULE,A_ENTRY,D_BRIDGE,LEGACY_REGISTRY,40代・50代で「毛先がスカスカになるのが怖い」方へ,TITLE_PROXY,D_GENERAL_EXPLANATION,ARTICLE_TEXT_OPERATIONAL_CLASSIFICATION,CONSULTATION;LINE;RESERVATION,RELATED_JUDGMENT_ARTICLE,NO,YES,YES,YES,,1,,NO,NO,YES,YES,YES,CONSULTATION;LINE;RESERVATION,NONE,NO,NO,0,0,0,UNKNOWN,UNKNOWN,UNKNOWN,UNKNOWN,UNKNOWN,UNKNOWN,UNKNOWN,POTENTIAL,UNKNOWN,UNKNOWN,AUDIENCE;CHECKS;CONCERN;JUDGMENT_BRANCH;NEXT_STEP;NOT_DO,ACTUAL_CASE,PUBLIC_SNAPSHOT_ONLY,UNKNOWN,,OBSERVE,NONE,YES,ikeda-official-web/note_article_registry_2026-09-13.csv
n8973449ee0da,2026-09-06T07:28:34.000+09:00,秋になって髪型を変えたい。でも長さはあまり変えたくない時、何を変えればいい？,https://note.com/koichi_ikeda/n/n8973449ee0da,PUBLIC,2026-09-16,CEP1_CHANGE_WITHOUT_FAILURE,TITLE_RULE,A_ENTRY,D_BRIDGE,LEGACY_REGISTRY,秋になって髪型を変えたい。でも長さはあまり変えたくない時、何を変えればいい？,TITLE_PROXY,D_GENERAL_EXPLANATION,ARTICLE_TEXT_OPERATIONAL_CLASSIFICATION,CONSULTATION;LINE;RESERVATION,RELATED_JUDGMENT_ARTICLE,NO,YES,YES,YES,,1,,NO,NO,YES,YES,YES,CONSULTATION;LINE;RESERVATION,NONE,NO,NO,0,0,0,UNKNOWN,UNKNOWN,UNKNOWN,UNKNOWN,UNKNOWN,UNKNOWN,UNKNOWN,POTENTIAL,UNKNOWN,UNKNOWN,AUDIENCE;CHECKS;CONCERN;JUDGMENT_BRANCH;NEXT_STEP;NOT_DO,ACTUAL_CASE,PUBLIC_SNAPSHOT_ONLY,UNKNOWN,,OBSERVE,NONE,YES,ikeda-official-web/note_article_registry_2026-09-13.csv
n69986ccf2398,2026-09-07T08:40:12.000+09:00,美容室で「おまかせ」と言っても大丈夫？私が確認していること,https://note.com/koichi_ikeda/n/n69986ccf2398,PUBLIC,2026-09-16,CEP1_CHANGE_WITHOUT_FAILURE,TITLE_RULE,B_JUDGMENT,A_ENTRY;D_BRIDGE,LEGACY_REGISTRY,美容室で「おまかせ」と言っても大丈夫？私が確認していること,TITLE_PROXY,B_PROFESSIONAL_JUDGMENT,ARTICLE_TEXT_OPERATIONAL_CLASSIFICATION,CONSULTATION;LINE;RESERVATION,RELATED_CASE_OR_PRECONSULT,NO,YES,YES,YES,,,,YES,NO,YES,YES,YES,CONSULTATION;LINE;RESERVATION,NONE,NO,NO,0,0,0,UNKNOWN,UNKNOWN,UNKNOWN,UNKNOWN,UNKNOWN,UNKNOWN,UNKNOWN,SUPPORTED,POTENTIAL,UNKNOWN,AUDIENCE;CHECKS;CONCERN;JUDGMENT_BRANCH;NEXT_STEP;NOT_DO,ACTUAL_CASE,PUBLIC_SNAPSHOT_ONLY,UNKNOWN,15,P2_CANDIDATE,ISOLATED,YES,ikeda-official-web/note_article_registry_2026-09-13.csv
ne967d43b585d,2026-09-08T08:54:47.000+09:00,美容室で写真を見せても、その髪型をそのまま再現しないことがあります,https://note.com/koichi_ikeda/n/ne967d43b585d,PUBLIC,2026-09-16,CEP1_CHANGE_WITHOUT_FAILURE,TITLE_RULE,A_ENTRY,D_BRIDGE,LEGACY_REGISTRY,美容室で写真を見せても、その髪型をそのまま再現しないことがあります,TITLE_PROXY,D_GENERAL_EXPLANATION,ARTICLE_TEXT_OPERATIONAL_CLASSIFICATION,CONSULTATION;LINE;RESERVATION,RELATED_JUDGMENT_ARTICLE,NO,YES,YES,YES,,,,YES,NO,YES,YES,YES,CONSULTATION;LINE;RESERVATION,NONE,NO,NO,0,0,0,UNKNOWN,UNKNOWN,UNKNOWN,UNKNOWN,UNKNOWN,UNKNOWN,UNKNOWN,POTENTIAL,UNKNOWN,UNKNOWN,AUDIENCE;CHECKS;CONCERN;JUDGMENT_BRANCH;NEXT_STEP;NOT_DO,ACTUAL_CASE,PUBLIC_SNAPSHOT_ONLY,UNKNOWN,15,P2_CANDIDATE,ISOLATED,YES,ikeda-official-web/note_article_registry_2026-09-13.csv
n1c8d4e7ffc3d,2026-09-09T07:55:39.000+09:00,三田市で美容師を探している方へ｜池田航一の公式Webを公開しました,https://note.com/koichi_ikeda/n/n1c8d4e7ffc3d,PUBLIC,2026-09-16,CROSS_THEME_BRIDGE,LEGACY_REGISTRY,D_BRIDGE,A_ENTRY,LEGACY_REGISTRY,三田市で美容師を探している方へ｜池田航一の公式Webを公開しました,TITLE_PROXY,D_GENERAL_EXPLANATION,ARTICLE_TEXT_OPERATIONAL_CLASSIFICATION,OFFICIAL_WEB,PRECONSULT?utm_source=note&utm_medium=article&utm_campaign=preconsult_bridge,YES,NO,NO,NO,,,,YES,YES,NO,NO,NO,OFFICIAL_WEB,NONE,NO,NO,0,1,0,UNKNOWN,UNKNOWN,UNKNOWN,UNKNOWN,UNKNOWN,UNKNOWN,UNKNOWN,POTENTIAL,POTENTIAL,UNKNOWN,AUDIENCE;JUDGMENT_BRANCH;NEXT_STEP,ACTUAL_CASE;CHECKS;CONCERN;NOT_DO,PUBLIC_SNAPSHOT_ONLY,UNKNOWN,15,P2_CANDIDATE,ISOLATED,YES,ikeda-official-web/note_article_registry_2026-09-13.csv
n0b76b2c773dc,2026-09-10T08:28:54.000+09:00,美容室に行く間隔を少し空けたい。でも、きれいな状態は保ちたい時、何を考えればいい？,https://note.com/koichi_ikeda/n/n0b76b2c773dc,PUBLIC,2026-09-16,CEP1_CHANGE_WITHOUT_FAILURE,TITLE_RULE,A_ENTRY,D_BRIDGE,LEGACY_REGISTRY,美容室に行く間隔を少し空けたい。でも、きれいな状態は保ちたい時、何を考えればいい？,TITLE_PROXY,D_GENERAL_EXPLANATION,ARTICLE_TEXT_OPERATIONAL_CLASSIFICATION,CONSULTATION;LINE;RESERVATION,RELATED_JUDGMENT_ARTICLE,NO,YES,YES,YES,,,,YES,NO,YES,YES,YES,CONSULTATION;LINE;RESERVATION,OVERCLAIM:必ず,NO,NO,0,0,0,UNKNOWN,UNKNOWN,UNKNOWN,UNKNOWN,UNKNOWN,UNKNOWN,UNKNOWN,POTENTIAL,UNKNOWN,UNKNOWN,AUDIENCE;CHECKS;CONCERN;JUDGMENT_BRANCH;NEXT_STEP;NOT_DO,ACTUAL_CASE,PUBLIC_SNAPSHOT_ONLY,UNKNOWN,35,P1_CANDIDATE,BRAND_REVIEW;ISOLATED,YES,ikeda-official-web/note_article_registry_2026-09-13.csv
n4e9335e91aff,2026-09-10T14:57:14.000+09:00,髪の悩みに合わせてホームケアを選ぶ｜広がり・ダメージ・頭皮で考えたいこと,https://note.com/koichi_ikeda/n/n4e9335e91aff,PUBLIC,2026-09-16,CEP7_CARE_SCALP_CANDIDATE,TITLE_RULE_HUMAN_REVIEW,A_ENTRY,D_BRIDGE,LEGACY_REGISTRY,髪の悩みに合わせてホームケアを選ぶ｜広がり・ダメージ・頭皮で考えたいこと,TITLE_PROXY,D_GENERAL_EXPLANATION,ARTICLE_TEXT_OPERATIONAL_CLASSIFICATION,CONSULTATION;OFFICIAL_WEB,RELATED_JUDGMENT_ARTICLE,YES,YES,NO,NO,,,,YES,YES,YES,NO,NO,CONSULTATION;OFFICIAL_WEB,NONE,NO,NO,0,1,1,UNKNOWN,UNKNOWN,UNKNOWN,UNKNOWN,UNKNOWN,UNKNOWN,UNKNOWN,POTENTIAL,UNKNOWN,UNKNOWN,AUDIENCE;CHECKS;CONCERN;JUDGMENT_BRANCH;NEXT_STEP,ACTUAL_CASE;NOT_DO,PUBLIC_SNAPSHOT_ONLY,UNKNOWN,15,P2_CANDIDATE,ISOLATED,YES,ikeda-official-web/note_article_registry_2026-09-13.csv
n1c6cf39c7715,2026-09-11T08:04:09.000+09:00,レイヤーにしたい。でも毎日巻かないといけない髪型にはしたくない時、どう相談すればいい？,https://note.com/koichi_ikeda/n/n1c6cf39c7715,PUBLIC,2026-09-16,CEP5_LIGHT_NOT_THIN,TITLE_RULE,A_ENTRY,D_BRIDGE,LEGACY_REGISTRY,レイヤーにしたい。でも毎日巻かないといけない髪型にはしたくない時、どう相談すればいい？,TITLE_PROXY,D_GENERAL_EXPLANATION,ARTICLE_TEXT_OPERATIONAL_CLASSIFICATION,CONSULTATION;LINE;RESERVATION,RELATED_JUDGMENT_ARTICLE,NO,YES,YES,YES,,,,YES,NO,YES,YES,YES,CONSULTATION;LINE;RESERVATION,NONE,NO,NO,0,0,0,UNKNOWN,UNKNOWN,UNKNOWN,UNKNOWN,UNKNOWN,UNKNOWN,UNKNOWN,POTENTIAL,UNKNOWN,UNKNOWN,AUDIENCE;CHECKS;CONCERN;JUDGMENT_BRANCH;NEXT_STEP;NOT_DO,ACTUAL_CASE,PUBLIC_SNAPSHOT_ONLY,UNKNOWN,15,P2_CANDIDATE,ISOLATED,YES,ikeda-official-web/note_article_registry_2026-09-13.csv
n7ca7c0b0b3be,2026-09-13T09:03:39.000+09:00,カウンセリングは、長ければ長いほどいいのでしょうか？,https://note.com/koichi_ikeda/n/n7ca7c0b0b3be,PUBLIC,2026-09-16,CEP1_CHANGE_WITHOUT_FAILURE,CONFIG_OVERRIDE,B_JUDGMENT,A_ENTRY;D_BRIDGE,CONFIG_OVERRIDE,カウンセリングの長さではなく確認事項と判断の整理方法を知る,CONFIG_REVIEWED,B_PROFESSIONAL_JUDGMENT,ARTICLE_TEXT_OPERATIONAL_CLASSIFICATION,CONSULTATION;LINE;RESERVATION,RELATED_CASE_OR_PRECONSULT,NO,YES,YES,YES,,,,YES,NO,YES,YES,YES,CONSULTATION;LINE;RESERVATION,NONE,NO,NO,0,0,0,UNKNOWN,UNKNOWN,UNKNOWN,UNKNOWN,UNKNOWN,UNKNOWN,UNKNOWN,SUPPORTED,POTENTIAL,UNKNOWN,AUDIENCE;CHECKS;CONCERN;JUDGMENT_BRANCH;NEXT_STEP;NOT_DO,ACTUAL_CASE,PUBLIC_SNAPSHOT_ONLY,UNKNOWN,15,P2_CANDIDATE,ISOLATED,YES,NONE_NEW_LIVE_ARTICLE
n34713b0fb6e9,2026-09-14T07:57:13.000+09:00,何を予約したらいいか分からない方へ。「来店前相談」を作りました,https://note.com/koichi_ikeda/n/n34713b0fb6e9,PUBLIC,2026-09-16,CROSS_THEME_BRIDGE,CONFIG_OVERRIDE,D_BRIDGE,A_ENTRY,CONFIG_OVERRIDE,予約メニューが決まらない状態から来店前相談へ進む,CONFIG_REVIEWED,D_GENERAL_EXPLANATION,ARTICLE_TEXT_OPERATIONAL_CLASSIFICATION,OFFICIAL_WEB,PRECONSULT?utm_source=note&utm_medium=article&utm_campaign=preconsult_bridge,YES,NO,NO,NO,,,,YES,YES,NO,NO,NO,OFFICIAL_WEB,NONE,NO,NO,0,1,0,UNKNOWN,UNKNOWN,UNKNOWN,UNKNOWN,UNKNOWN,UNKNOWN,UNKNOWN,POTENTIAL,POTENTIAL,UNKNOWN,AUDIENCE;CHECKS;CONCERN;NEXT_STEP,ACTUAL_CASE;JUDGMENT_BRANCH;NOT_DO,PUBLIC_SNAPSHOT_ONLY,UNKNOWN,15,P2_CANDIDATE,ISOLATED,YES,NONE_NEW_LIVE_ARTICLE
n0568e0cfeddc,2026-09-15T11:05:23.000+09:00,頭皮が乾燥する・ベタつく・両方気になる方へ｜シャンプーは何を基準に選べばいい？,https://note.com/koichi_ikeda/n/n0568e0cfeddc,PUBLIC,2026-09-16,CEP7_CARE_SCALP_CANDIDATE,CONFIG_OVERRIDE,B_JUDGMENT,A_ENTRY;D_BRIDGE,CONFIG_OVERRIDE,頭皮の乾燥とべたつきからシャンプー選択基準を整理する,CONFIG_REVIEWED,B_PROFESSIONAL_JUDGMENT,ARTICLE_TEXT_OPERATIONAL_CLASSIFICATION,OFFICIAL_WEB,RELATED_CASE_OR_PRECONSULT,YES,NO,NO,NO,,,,YES,YES,NO,NO,NO,OFFICIAL_WEB,NONE,NO,NO,0,1,0,UNKNOWN,UNKNOWN,UNKNOWN,UNKNOWN,UNKNOWN,UNKNOWN,UNKNOWN,SUPPORTED,POTENTIAL,UNKNOWN,AUDIENCE;CHECKS;CONCERN;JUDGMENT_BRANCH;NEXT_STEP;NOT_DO,ACTUAL_CASE,PUBLIC_SNAPSHOT_ONLY,UNKNOWN,15,P2_CANDIDATE,ISOLATED,YES,NONE_NEW_LIVE_ARTICLE
neb06cc9beb25,2026-09-16T07:06:55.000+09:00,「ブリーチなしで透明感を出したい」と言われた時、最初にカラー剤の色を決めない理由,https://note.com/koichi_ikeda/n/neb06cc9beb25,PUBLIC,2026-09-16,CEP6_COLOR_DECISION_CANDIDATE,CONFIG_OVERRIDE,B_JUDGMENT,A_ENTRY;D_BRIDGE,CONFIG_OVERRIDE,ブリーチなしの透明感カラーで色より先に確認する条件を知る,CONFIG_REVIEWED,B_PROFESSIONAL_JUDGMENT,ARTICLE_TEXT_OPERATIONAL_CLASSIFICATION,CONSULTATION;LINE;RESERVATION,RELATED_CASE_OR_PRECONSULT,NO,YES,YES,YES,,,,YES,NO,YES,YES,YES,CONSULTATION;LINE;RESERVATION,NONE,NO,NO,0,0,0,UNKNOWN,UNKNOWN,UNKNOWN,UNKNOWN,UNKNOWN,UNKNOWN,UNKNOWN,SUPPORTED,POTENTIAL,UNKNOWN,AUDIENCE;CHECKS;CONCERN;JUDGMENT_BRANCH;NEXT_STEP;NOT_DO,ACTUAL_CASE,PUBLIC_SNAPSHOT_ONLY,UNKNOWN,15,P2_CANDIDATE,ISOLATED,YES,NONE_NEW_LIVE_ARTICLE
